candidate_id,event_key,수집 채널,회사,레이블,아티스트,artist_id,활동 유형,일정 판정,점수,매체 점수,게시일,제목,행사명,시작일,종료일,이벤트 날짜,날짜 신뢰도,날짜 근거,날짜 출처,날짜 충돌,도시,공연장,클리핑 문구,매칭 키워드,출처 URL,기사 원문 URL,네이버 뉴스 URL,매체,공식 소스,공식 확인,검색어,검증 상태,검토 사유,제목 매칭 별칭,관련 기사 수,관련 기사 URL,기존 event_key,source_id,notice_id,dedupe_key,수집시각
f026d0bec80a8c22c92a3845,50dd5565cc6ac8cb6aed7095,NAVER_NEWS,JYP,4세대 그룹,NMIXX,nmixx,COMEBACK,NEW_EVENT,66,3,2026-07-31T15:08:00+09:00,"엔믹스, 열도 정식 데뷔…12월 9일 日 베스트 앨범 발매",열도 정식 데뷔,2026-12-09,2026-12-09,2026-12-09,HIGH,12월 9일,TITLE,N,,,"그룹 엔믹스(NMIXX)가 일본 정식 데뷔에 나선다. 31일 소속사 JYP엔터테인먼트는 엔믹스(릴리, 해원, 설윤, 배이, 지우, 규진)이 오는 12월 9일 일본 데뷔 베스트 앨범 '엔이퀄믹스'(N=MIXX)를 발매한다고 알렸다. 이번...",앨범 발매,https://www.news1.kr/entertain/music/6245346,https://www.news1.kr/entertain/music/6245346,https://m.entertain.naver.com/article/421/0009090691,news1.kr,NAVER 뉴스 검색,N/A,엔믹스,REVIEW_REQUIRED,MANUAL_APPROVAL_REQUIRED,엔믹스,5,https://www.yna.co.kr/view/AKR20260731152200005?input=1195m|https://www.etoday.co.kr/news/view/2609746|https://www.slist.kr/news/articleView.html?idxno=755625|https://www.edaily.co.kr/news/newspath.asp?newsid=04887206645520096,,naver_news,,f026d0bec80a8c22c92a3845,2026-08-01T08:33:21.050332+09:00
bfaed1fb4fa62a7b3e6611a3,558b76f92c451bbdc019e01a,NAVER_NEWS,SM,3세대 그룹,WayV,wayv,COMEBACK,NEW_EVENT,66,3,2026-07-31T09:51:00+09:00,"웨이션브이, 미니앨범 '비전 윙스' 8월 10일 발표…깊고 따뜻한 감성 담...",비전 윙스,2026-08-10,2026-08-10,2026-08-10,HIGH,8월 10일,TITLE,N,뉴욕,,"그룹 웨이션브이(WayV)가 여덟 번째 미니앨범 '비전 윙스'(Vision Wings)를 통해 깊고 따뜻한 감성을... 한편, 웨이션브이는 8월 2일(현지시간) 뉴욕 센트럴 파크에서 열리는 대규모 페스티벌 '서머스테이지'에 출연한다....",미니앨범,https://www.spotvnews.co.kr/news/articleView.html?idxno=831829,https://www.spotvnews.co.kr/news/articleView.html?idxno=831829,https://m.entertain.naver.com/article/477/0000621106,spotvnews.co.kr,NAVER 뉴스 검색,N/A,웨이션브이,REVIEW_REQUIRED,MANUAL_APPROVAL_REQUIRED,웨이션브이,1,,,naver_news,,bfaed1fb4fa62a7b3e6611a3,2026-08-01T08:33:21.050332+09:00
9f2ab9ae6a92d3a07d5bfdfd,99ec2409eb5195905fa6becf,NAVER_NEWS,SM,3세대 그룹,Red Velvet,red_velvet,COMEBACK,NEW_EVENT,66,3,2026-07-31T10:30:00+09:00,"레드벨벳, 여름 미니 앨범 ‘벨벳 서머’ 발매 'D-3'…기대 포인트 셋",벨벳 서머,2026-08-03,2026-08-03,2026-08-03,MEDIUM,8월 3일,BODY,N,,,▲ 레드벨벳 '서머 퀸' 레드벨벳(Red Velvet)이 오는 8월 3일 여름 미니 앨범 'Velvet Summer'(벨벳 서머)로 돌아온다. 2024년 6월 발매한 ‘Cosmic’(코스믹) 이후 약 2년 2개월 만에 완전체 컴백으로 글로벌 음악 팬들의...,미니 앨범,https://www.swtvnews.com/news/newsview.php?ncode=1065575984806131,https://www.swtvnews.com/news/newsview.php?ncode=1065575984806131,https://www.swtvnews.com/news/newsview.php?ncode=1065575984806131,swtvnews.com,NAVER 뉴스 검색,N/A,레드벨벳,REVIEW_REQUIRED,DATE_LOW_CONFIDENCE,레드벨벳,1,,,naver_news,,9f2ab9ae6a92d3a07d5bfdfd,2026-08-01T08:33:21.050332+09:00
a68bfacdc43e7234050d39bc,6c7be0c3d85c3515b635b5ee,NAVER_NEWS,HYBE,플레디스,SEVENTEEN (세븐틴),seventeen,POPUP,NEW_EVENT,68,3,2026-07-31T14:08:00+09:00,"세븐틴 디노, '본캐'와 피철인 함께하는 팝업 스토어 연다","디노, '본캐'와 피철인 함께하는 팝업 스토어 연다",,,,NONE,,,N,,,그룹 세븐틴 디노를 중심으로 한 색다른 체험형 팝업 스토어가 마련된다. 디노의 솔로 활동과 함께 선보인 캐릭터 피철인을 한 공간에서 경험할 수 있는 구성이어서 팬들의 관심을 모은다. 플레디스...,팝업 스토어,https://www.topstarnews.net/news/articleView.html?idxno=16150940,https://www.topstarnews.net/news/articleView.html?idxno=16150940,https://www.topstarnews.net/news/articleView.html?idxno=16150940,topstarnews.net,NAVER 뉴스 검색,N/A,세븐틴,REVIEW_REQUIRED,DATE_NOT_FOUND,세븐틴,1,,,naver_news,,a68bfacdc43e7234050d39bc,2026-08-01T08:33:21.050332+09:00
77694e4fb5bdae5b13a99d30,3d237f0cfa9a9ad044491f83,NAVER_NEWS,JYP,Studio J,DAY6,day6,TOUR_ANNOUNCEMENT,NEW_EVENT,72,3,2026-08-02T14:12:00+09:00,"데이식스 영케이, 정규 2집 활동 성료→8월 14일~16일 솔로 투어 개최","영케이, 정규 2집 활동 성료→ 솔로 투어",2026-08-14,2026-08-16,2026-08-14|2026-08-15|2026-08-16,HIGH,8월 14일~16일,TITLE,N,,,DAY6(데이식스) Young K(영케이)가 다채로운 활약을 이어간다. Young K는 7월 27일 정규 2집 ‘YOUNGEST’(영기스트)와 타이틀곡 ‘Shut The Door’(셧 더 도어)를 발매했다. 지난 30일 Mnet ‘엠카운트다운’을 시작으로...,투어 개최,https://www.heraldmuse.com/article/10828163?ref=naver,https://www.heraldmuse.com/article/10828163?ref=naver,https://m.entertain.naver.com/article/112/0003803253,heraldmuse.com,NAVER 뉴스 검색,N/A,데이식스,REVIEW_REQUIRED,MANUAL_APPROVAL_REQUIRED,데이식스,1,,,naver_news,,77694e4fb5bdae5b13a99d30,2026-08-03T08:31:05.894929+09:00
27113595f483adaef074227e,c2cd0a9b61eaf127b16de756,NAVER_NEWS,HYBE,KOZ,BOYNEXTDOOR (보이넥스트도어),boynextdoor,COMEBACK,NEW_EVENT,66,3,2026-08-03T10:54:00+09:00,"보이넥스트도어, 9월 28일 국내 컴백…일본 싱글도 발매",BOYNEXTDOOR (보이넥스트도어) 컴백,2026-09-28,2026-09-28,2026-09-28,HIGH,9월 28일,TITLE,N,부산,사직실내체육관,"그룹 보이넥스트도어(BOYNEXTDOOR)가 일본 신곡 발매와 국내 컴백을 예고했다. 보이넥스트도어(성호, 리우, 명재현, 태산, 이한, 운학)는 지난 2일 부산 사직실내체육관에서 열린 첫 월드 투어 ‘BOYNEXTDOOR TOUR...",컴백,https://sports.donga.com/ent/article/all/20260803/134411283/1,https://sports.donga.com/ent/article/all/20260803/134411283/1,https://m.entertain.naver.com/article/382/0001286282,sports.donga.com,NAVER 뉴스 검색,N/A,보이넥스트도어,REVIEW_REQUIRED,MANUAL_APPROVAL_REQUIRED,보이넥스트도어,1,,,naver_news,,27113595f483adaef074227e,2026-08-04T08:39:48.560746+09:00
66436f497c3295c3c833741a,06140d445e4aac70a82b98ee,NAVER_NEWS,JYP,JYP Japan,NEXZ (넥스지),nexz,COMEBACK,NEW_EVENT,69,3,2026-08-04T08:13:00+09:00,"'JYP 보이그룹' 넥스지, 4개월만 컴백…24일 새 앨범 '쏘씬' 발매 [공식]",쏘씬,2026-08-24,2026-08-24,2026-08-24,MEDIUM,24일,TITLE,N,,,보이그룹 넥스지(NEXZ)가 4개월 만에 가요계로 돌아온다. 넥스지는 3일 공식 채널을 통해 새 앨범 '쏘씬'(SAUCIN')의 첫 트레일러 영상을 공개했다. 영상은 농부로 변신한 일곱 멤버의 모습으로 시작된다....,"새 앨범, 컴백",https://www.mydaily.co.kr/page/view/2026080408032868223,https://www.mydaily.co.kr/page/view/2026080408032868223,https://m.entertain.naver.com/article/117/0004091450,mydaily.co.kr,NAVER 뉴스 검색,N/A,넥스지,REVIEW_REQUIRED,DATE_LOW_CONFIDENCE,넥스지,1,,,naver_news,,66436f497c3295c3c833741a,2026-08-04T08:39:48.560746+09:00
2cb3a5386bcfab974ead4468,44032315c23e90a8032cde44,NAVER_NEWS,JYP,JYP Japan,NEXZ (넥스지),nexz,COMEBACK,NEW_EVENT,66,3,2026-08-04T08:08:00+09:00,"'JYP 신인' 넥스지, 24일 가요계 컴백…'SAUCIN'' 발표(공식)","'JYP 신인' , 가요계",2026-08-24,2026-08-24,2026-08-24,MEDIUM,24일,TITLE,N,,,JYP엔터테인먼트 보이그룹 NEXZ(넥스지)가 8월 24일 새 앨범 'SAUCIN''으로 컴백한다. NEXZ는 3일 오후 공식... 넥스지 신보 트레일러 섬네일 [사진=JYP엔터테인먼트] NEXZ의 컴백은 지난 4월 두 번째 싱글 'Mmchk' 이후...,컴백,http://www.joynews24.com/view/1991547,http://www.joynews24.com/view/1991547,http://www.joynews24.com/view/1991547,joynews24.com,NAVER 뉴스 검색,N/A,넥스지,REVIEW_REQUIRED,DATE_LOW_CONFIDENCE,넥스지,1,,,naver_news,,2cb3a5386bcfab974ead4468,2026-08-04T08:39:48.560746+09:00
5f4f5f16d86a886476d73775,3ca9c9c585baaefc0f2b701d,NAVER_NEWS,JYP,Studio J,Xdinary Heroes,xdinary_heroes,FANMEETING,NEW_EVENT,70,3,2026-08-04T07:12:00+09:00,"[공연 소식] 엑스디너리 히어로즈, 9월 세 번째 공식 팬미팅 개최","[공연 소식] , 9월 세 번째 공식 팬미팅",2026-08-03,2026-08-03,2026-08-03,MEDIUM,8월 3일,BODY,N,서울,,"… 즈(Xdinary Heroes, XH)가 팬들과 특별한 시간을 보낸다. 엑스디너리 히어로즈는 8월 3일 오후 공식 SNS 채널에 포스터를 게재하고 세 번째 공식 팬미팅 'Xdinary Heroes 3RD FANMEETING 'THE X-TOWN''(더 엑스...",팬미팅,http://www.beyondpost.co.kr/view.php?ud=202608040709395806d3244b4fed_30,http://www.beyondpost.co.kr/view.php?ud=202608040709395806d3244b4fed_30,http://www.beyondpost.co.kr/view.php?ud=202608040709395806d3244b4fed_30,beyondpost.co.kr,NAVER 뉴스 검색,N/A,엑스디너리 히어로즈,REVIEW_REQUIRED,DATE_LOW_CONFIDENCE,엑스디너리 히어로즈,2,https://www.newsen.com/news_view.php?uid=202608040708362410,,naver_news,,5f4f5f16d86a886476d73775,2026-08-04T08:39:48.560746+09:00
2ec2b58c0632e6712cdeb63a,06140d445e4aac70a82b98ee,NAVER_NEWS,JYP,JYP Japan,NEXZ (넥스지),nexz,COMEBACK,NEW_EVENT,69,3,2026-08-04T08:06:00+09:00,"넥스지, 새 앨범 '쏘씬'' 발매…4개월 만 컴백",쏘씬,2026-08-24,2026-08-24,2026-08-24,MEDIUM,8월 24일,BODY,N,,,"NEXZ가 8월 24일 오후 6시 새 앨범 'SAUCIN''을 발매하고 약 4개월 만에 컴백한다. 일곱 멤버의 개성을 다채로운 소스에 빗댄 콘셉트로 새로운 음악적 색깔을 선보인다. NEXZ는 토모야, 유우, 하루, 소 건, 세이타...","새 앨범, 컴백",https://www.slist.kr/news/articleView.html?idxno=756290,https://www.slist.kr/news/articleView.html?idxno=756290,https://www.slist.kr/news/articleView.html?idxno=756290,slist.kr,NAVER 뉴스 검색,N/A,넥스지,REVIEW_REQUIRED,DATE_LOW_CONFIDENCE,넥스지,1,,,naver_news,,2ec2b58c0632e6712cdeb63a,2026-08-04T08:39:48.560746+09:00
805b6abda47db5b982b8ce1a,e739e60b7fda1ca544ad6969,NAVER_NEWS,HYBE,KOZ,BOYNEXTDOOR (보이넥스트도어),boynextdoor,COMEBACK,NEW_EVENT,66,3,2026-08-03T09:48:00+09:00,"“공백은 없다”…보이넥스트도어, 첫 부산콘서 ‘9월 컴백’ 발표",“공백은 없다”,2026-08-02,2026-08-02,2026-08-02,MEDIUM,8월 2일,BODY,N,부산,사흘간 부산 사직실내체육관,그룹 보이넥스트도어. KOZ엔터테인먼트 제공 그룹 보이넥스트도어의 하반기도 쉼 없이 돌아간다. 보이넥스트도어는 지난달 31일부터 8월 2일까지 사흘간 부산 사직실내체육관에서 ‘보이넥스트투어 ‘낙원 Vol.2’...,컴백,https://www.sportsworldi.com/newsView/20260803505663,https://www.sportsworldi.com/newsView/20260803505663,https://m.entertain.naver.com/article/396/0000751270,sportsworldi.com,NAVER 뉴스 검색,N/A,보이넥스트도어,REVIEW_REQUIRED,DATE_LOW_CONFIDENCE,보이넥스트도어,1,,,naver_news,,805b6abda47db5b982b8ce1a,2026-08-04T08:39:48.560746+09:00
8139def74a60fa6d4641e3f4,0e54a66d55a333f21068e6ee,NAVER_NEWS,HYBE,KOZ,BOYNEXTDOOR (보이넥스트도어),boynextdoor,COMEBACK,NEW_EVENT,66,3,2026-08-03T09:12:00+09:00,"보이넥스트도어, 부산서 9월 컴백 깜짝 발표 “공백 없이 활동할 것”",부산서 9월 깜짝 “공백 없이 활동할 것”,2026-07-31,2026-08-02,2026-07-31|2026-08-01|2026-08-02,MEDIUM,7월 31일부터 8월 2일까지,BODY,N,부산,,"그룹 보이넥스트도어(성호, 리우, 명재현, 태산, 이한, 운학)가 “공백 없이 활동을 이어갈 예정입니다. 투어와 컴백 모두 기대해 주세요”라며 하반기 행보를 예고했다. 7월 31일부터 8월 2일까지 사흘간 부산...",컴백,https://www.newsen.com/news_view.php?uid=202608030905360410,https://www.newsen.com/news_view.php?uid=202608030905360410,https://m.entertain.naver.com/article/609/0001152941,newsen.com,NAVER 뉴스 검색,N/A,보이넥스트도어,REVIEW_REQUIRED,DATE_LOW_CONFIDENCE,보이넥스트도어,1,,,naver_news,,8139def74a60fa6d4641e3f4,2026-08-04T08:39:48.560746+09:00
22ccd0a8dbdc770535ef3077,de5bbdc6ca436378d31cdbec,NAVER_NEWS,JYP,Studio J,Xdinary Heroes,xdinary_heroes,FANMEETING,NEW_EVENT,70,3,2026-08-04T08:30:00+09:00,"엑스디너리 히어로즈, '보안관' 된다⋯내달 세 번째 팬미팅 개최",'보안관' 된다⋯내달 세 번째 팬미팅,,,,NONE,,,N,,,"이투데이=장유진 기자 | 밴드 엑스디너리 히어로즈(Xdinary Heroes, XH)가 다음 달 세 번째 공식 팬미팅을 개최한다. 엑스디너리 히어로즈는 3일 오후 공식 SNS 채널에 포스터를 게재하고 세 번째 공식 팬미팅...",팬미팅,https://www.etoday.co.kr/news/view/2610632,https://www.etoday.co.kr/news/view/2610632,https://www.etoday.co.kr/news/view/2610632,etoday.co.kr,NAVER 뉴스 검색,N/A,엑스디너리 히어로즈,REVIEW_REQUIRED,DATE_NOT_FOUND,엑스디너리 히어로즈,1,,,naver_news,,22ccd0a8dbdc770535ef3077,2026-08-04T08:39:48.560746+09:00
5323465df351aed36564b56a,3174800bae30caad81d5f9d3,NAVER_NEWS,SM,3세대 그룹,Red Velvet,red_velvet,COMEBACK,NEW_EVENT,69,3,2026-08-03T15:48:00+09:00,"레드벨벳 2년 2개월 만의 완전체 컴백, 새 미니앨범 '벨벳 서머' 발매",벨벳 서머,,,,NONE,,,N,,,그룹 레드벨벳(Red Velvet)이 여름 미니앨범 'Velvet Summer'(벨벳 서머)를 발매하며 '서머퀸'의 화려한 귀환을 알렸다. SM엔터테인먼트에 따르면 레드벨벳은 3일 오후 6시 각종 글로벌 음악 플랫폼을 통해 새 미니앨범...,"미니앨범, 컴백",https://www.mediapen.com/news/view/1113979,https://www.mediapen.com/news/view/1113979,https://www.mediapen.com/news/view/1113979,mediapen.com,NAVER 뉴스 검색,N/A,레드벨벳,REVIEW_REQUIRED,DATE_NOT_FOUND,레드벨벳,1,,,naver_news,,5323465df351aed36564b56a,2026-08-04T08:39:48.560746+09:00
0505bcab2235b2c1646c1da3,81d87e37b17e26a387229265,NAVER_NEWS,JYP,4세대 그룹,Stray Kids,stray_kids,TOUR_ANNOUNCEMENT,NEW_EVENT,77,8,2026-08-03T10:27:00+09:00,"스트레이 키즈, 서울 5회 공연 전석 매진…새 월드투어 시작",서울 5회 공연 전석 매진,,,,CONFLICT,,,Y,서울,KSPO DOME|가 서울 KSPO DOME,"그룹 스트레이 키즈(Stray Kids)가 서울 KSPO DOME 5회 공연을 성료하며 새 월드투어의 시작을 알렸다. 스트레이 키즈는 7월 25일~26일, 29일, 8월 1일~2일 서울 KSPO DOME에서 월드투어 ‘Stray Kids World Tour ’(런 잇)의 막을...",월드투어,https://www.mk.co.kr/article/12114950,https://www.mk.co.kr/article/12114950,https://m.entertain.naver.com/article/009/0005715754,mk.co.kr,NAVER 뉴스 검색,N/A,스트레이 키즈,REVIEW_REQUIRED,DATE_CONFLICT,스트레이 키즈,1,,,naver_news,,0505bcab2235b2c1646c1da3,2026-08-04T08:39:48.560746+09:00
1b28c4cdc33e6af393b4ba9f,06140d445e4aac70a82b98ee,NAVER_NEWS,JYP,JYP Japan,NEXZ (넥스지),nexz,COMEBACK,NEW_EVENT,69,3,2026-08-04T10:45:00+09:00,"넥스지, 24일 새 앨범 ‘쏘씬'’ 발매…4개월 만 컴백",쏘씬,2026-08-24,2026-08-24,2026-08-24,MEDIUM,24일,TITLE,N,,,… 트가 스트레이 키즈(Stray Kids) 이후 6년 만에 선보인 글로벌 보이그룹으로 지난 4월 발표한 두 번째 싱글 ‘음츠크’(Mmchk) 이후 약 4개월 만의 컴백이다. 넥스지는 ‘음츠크’로 자체 최고...,"새 앨범, 컴백",https://www.dailian.co.kr/news/view/1674141/?sc=Naver,https://www.dailian.co.kr/news/view/1674141/?sc=Naver,https://m.entertain.naver.com/article/119/0003117940,dailian.co.kr,NAVER 뉴스 검색,N/A,스트레이 키즈,REVIEW_REQUIRED,DATE_LOW_CONFIDENCE,넥스지,1,,,naver_news,,1b28c4cdc33e6af393b4ba9f,2026-08-05T08:35:00.642823+09:00
ad2b068fe47ea1c688acf416,d4d2553dcb6d60b2740ce95d,NAVER_NEWS,JYP,JYP Japan,NEXZ (넥스지),nexz,COMEBACK,NEW_EVENT,66,3,2026-08-04T18:28:00+09:00,"넥스지, 새 앨범 '소신' 24일 발표…""톡 쏘는 맛으로 무더위 날릴 음악""",소신,2026-08-24,2026-08-24,2026-08-24,MEDIUM,24일,TITLE,N,,,보이그룹 넥스지가 오는 24일 새 앨범 '소신'(SAUCIN')을 발표한다. 넥스지는 3일 SNS 채널에 새 앨범 '소신' 트레일러 영상을 공개하고 컴백을 예고했다. 영상은 농부로 변신한 일곱 멤버의 평온한 순간과 함께 시작된다....,새 앨범,https://www.spotvnews.co.kr/news/articleView.html?idxno=832821,https://www.spotvnews.co.kr/news/articleView.html?idxno=832821,https://m.entertain.naver.com/article/477/0000621925,spotvnews.co.kr,NAVER 뉴스 검색,N/A,넥스지,REVIEW_REQUIRED,DATE_LOW_CONFIDENCE,넥스지,2,https://swtvnews.com/news/newsview.php?ncode=1065568242026810,,naver_news,,ad2b068fe47ea1c688acf416,2026-08-05T08:35:00.642823+09:00
33c09357d98358d319087244,739a956354f87fbdfc1bf131,NAVER_NEWS,JYP,JYP Japan,NEXZ (넥스지),nexz,COMEBACK,NEW_EVENT,66,3,2026-08-04T11:45:00+09:00,"NEXZ, 24일 새 앨범 'SAUCIN'' 발매…'음악 미각' 저격 나선다",SAUCIN,2026-08-24,2026-08-24,2026-08-24,MEDIUM,24일,TITLE,N,,,"… 룹 NEXZ(넥스지)가 무더위를 날릴 톡 쏘는 감칠맛으로 올여름 리스너들의 입맛을 정조준한다. JYP엔터테인먼트 측은 지난 3일 오후 공식 채널을 통해 NEXZ 새 앨범 'SAUCIN''(쏘씬)의 첫 트레일러 영상을 오픈, 오는 24일...",새 앨범,https://www.nc.press/news/articleView.html?idxno=622600,https://www.nc.press/news/articleView.html?idxno=622600,https://www.nc.press/news/articleView.html?idxno=622600,nc.press,NAVER 뉴스 검색,N/A,넥스지,REVIEW_REQUIRED,DATE_LOW_CONFIDENCE,NEXZ,2,https://sports.khan.co.kr/article/202608042256003?pt=nv,,naver_news,,33c09357d98358d319087244,2026-08-05T08:35:00.642823+09:00
8e6222f342096f0065c6283e,42e0887c324fbdb2ff6f9061,NAVER_NEWS,SM,SM Entertainment,RYEOWOOK (려욱),super_junior_ryeowook,COMEBACK,NEW_EVENT,66,3,2026-08-04T10:32:00+09:00,"슈퍼주니어 려욱, 일본으로 향한다…5일 새 싱글 발매",일본으로 향한다,2026-08-05,2026-08-05,2026-08-05,MEDIUM,5일,TITLE,N,,,▲ 슈퍼주니어 려욱 솔로 데뷔 10주년을 맞은 슈퍼주니어 려욱이 일본으로 향해 활발한 활동을 이어간다. 소속사 에스엠(SM)엔터테인먼트는 4일 “려욱이 오는 5일 일본 세 번째 싱글 ‘僕のほし’(보쿠노...,싱글 발매,https://swtvnews.com/news/newsview.php?ncode=1065576589501751,https://swtvnews.com/news/newsview.php?ncode=1065576589501751,https://swtvnews.com/news/newsview.php?ncode=1065576589501751,swtvnews.com,NAVER 뉴스 검색,N/A,슈퍼주니어,REVIEW_REQUIRED,DATE_LOW_CONFIDENCE,슈퍼주니어 려욱,1,,,naver_news,,8e6222f342096f0065c6283e,2026-08-05T08:35:00.642823+09:00
38dd1083a796c1e33084a997,06140d445e4aac70a82b98ee,NAVER_NEWS,JYP,JYP Japan,NEXZ (넥스지),nexz,COMEBACK,NEW_EVENT,66,3,2026-08-04T08:48:00+09:00,넥스지 표 감칠맛 어떨까⋯24일 새 앨범 '쏘씬' 발매,쏘씬,2026-08-24,2026-08-24,2026-08-24,MEDIUM,24일,TITLE,N,,,이투데이=장유진 기자 | 그룹 넥스지(NEXZ)가 24일 새 앨범 '쏘씬(SAUCIN')'으로 컴백한다. 넥스지는 3일 오후 공식 SNS 채널에 새 앨범 '쏘씬' 첫 트레일러 영상을 공개했다. 공개된 영상은 농부로 변신한 일곱 멤버의...,새 앨범,https://www.etoday.co.kr/news/view/2610645,https://www.etoday.co.kr/news/view/2610645,https://www.etoday.co.kr/news/view/2610645,etoday.co.kr,NAVER 뉴스 검색,N/A,넥스지,REVIEW_REQUIRED,DATE_LOW_CONFIDENCE,넥스지,1,,,naver_news,,38dd1083a796c1e33084a997,2026-08-05T08:35:00.642823+09:00
d827b9fb778b516827913d8e,cd0f0ad30f7817e74466da09,NAVER_NEWS,JYP,Studio J,Xdinary Heroes,xdinary_heroes,FANMEETING,NEW_EVENT,70,3,2026-08-04T09:22:00+09:00,"엑스디너리 히어로즈, 9월 세 번째 공식 팬미팅 ‘THE X-TOWN’ 개최..무...",THE X-TOWN,2026-08-03,2026-08-03,2026-08-03,MEDIUM,8월 3일,BODY,N,,,"엑스디너리 히어로즈(Xdinary Heroes, XH)가 오는 9월 세 번째 공식 팬미팅을 열고 팬들과 만난다. 엑스디너리 히어로즈는 8월 3일 오후 공식 SNS 채널에 포스터를 게재하고 세 번째 공식 팬미팅 ‘Xdinary Heroes...",팬미팅,https://www.heraldmuse.com/article/10829889?ref=naver,https://www.heraldmuse.com/article/10829889?ref=naver,https://m.entertain.naver.com/article/112/0003803372,heraldmuse.com,NAVER 뉴스 검색,N/A,엑스디너리 히어로즈,REVIEW_REQUIRED,DATE_LOW_CONFIDENCE,엑스디너리 히어로즈,1,,,naver_news,,d827b9fb778b516827913d8e,2026-08-05T08:35:00.642823+09:00
e63900a197f51dee543ee2eb,328477bc004c7e63ef4446cc,NAVER_NEWS,JYP,Studio J,Xdinary Heroes,xdinary_heroes,FANMEETING,NEW_EVENT,70,3,2026-08-04T11:22:00+09:00,"엑스디너리 히어로즈, 보안관 변신…9월 팬미팅 개최",보안관 변신,,,,NONE,,,N,,,… 너리 히어로즈(Xdinary Heroes)가 오는 9월 공식 팬덤 빌런즈와의 만남을 예고했다. 엑스디너리 히어로즈는 3일 공식 SNS 채널을 통해 세 번째 공식 팬미팅 'THE X-TOWN'(더 엑스-타운) 포스터를 게재했다. 이번...,팬미팅,https://enter.etoday.co.kr/news/view/300589,https://enter.etoday.co.kr/news/view/300589,https://enter.etoday.co.kr/news/view/300589,enter.etoday.co.kr,NAVER 뉴스 검색,N/A,엑스디너리 히어로즈,REVIEW_REQUIRED,DATE_NOT_FOUND,엑스디너리 히어로즈,1,,,naver_news,,e63900a197f51dee543ee2eb,2026-08-05T08:35:00.642823+09:00
04c3ecfe87d2b75102d03bf5,56787e9465c5a719fb42cdf5,NAVER_NEWS,JYP,Studio J,Xdinary Heroes,xdinary_heroes,FANMEETING,NEW_EVENT,70,3,2026-08-04T09:26:00+09:00,"엑스디너리 히어로즈, 보안관 변신…9월 팬미팅 '더 엑스-타운' 개최",더 엑스-타운,,,,NONE,,,N,,,"밴드 엑스디너리 히어로즈(Xdinary Heroes, XH)가 오는 9월 세 번째 팬미팅을 열고 팬들과 만난다. 엑스디너리 히어로즈는 지난 3일 공식 SNS를 통해 'Xdinary Heroes 3RD FANMEETING 'THE X-TOWN''(더 엑스-타운) 포스터를...",팬미팅,https://www.tenasia.co.kr/article/2026080431264,https://www.tenasia.co.kr/article/2026080431264,https://m.entertain.naver.com/article/312/0000770463,tenasia.co.kr,NAVER 뉴스 검색,N/A,엑스디너리 히어로즈,REVIEW_REQUIRED,DATE_NOT_FOUND,엑스디너리 히어로즈,1,,,naver_news,,04c3ecfe87d2b75102d03bf5,2026-08-05T08:35:00.642823+09:00
93a3852b16a4ea0f4eb3b52e,f65501e32750a8e1b0b2b79d,NAVER_NEWS,SM,SM Entertainment,RYEOWOOK (려욱),super_junior_ryeowook,COMEBACK,NEW_EVENT,66,3,2026-08-04T10:40:00+09:00,"슈퍼주니어 려욱, 솔로 10주년 존재감…일본 새 싱글 발매",솔로 10주년 존재감,,,,NONE,,,N,,,"그룹 슈퍼주니어 려욱이 일본 새 싱글 발매와 함께 현지 스페셜 라이브, 아시아 투어 추가 개최 등 활발한 솔로 행보를 펼친다. 려욱은 5일 일본 세 번째 싱글 '僕のほし'(보쿠노 호시/나의 별)를 발표한다....",싱글 발매,https://enter.etoday.co.kr/news/view/300584,https://enter.etoday.co.kr/news/view/300584,https://enter.etoday.co.kr/news/view/300584,enter.etoday.co.kr,NAVER 뉴스 검색,N/A,슈퍼주니어,REVIEW_REQUIRED,DATE_NOT_FOUND,슈퍼주니어 려욱,1,,,naver_news,,93a3852b16a4ea0f4eb3b52e,2026-08-05T08:35:00.642823+09:00
40c27aaa30c49080c9d4e4ef,7528aa8647a3ff7c7b7cabbe,NAVER_NEWS,SM,SM Entertainment,RYEOWOOK (려욱),super_junior_ryeowook,CONCERT,NEW_EVENT,74,3,2026-08-04T10:15:00+09:00,"려욱, 솔로 데뷔 10주년…8월 日 싱글·단독 공연 개최",솔로 데뷔 10주년,,,,CONFLICT,,,Y,,,"슈퍼주니어 려욱이 일본으로 영역을 확장한다. 슈퍼주니어 려욱은 2016년 1월 28일 첫 번째 미니 앨범 '어린왕자'를 발매하며 솔로로 데뷔, 올해 10주년을 맞이했다. 솔로 데뷔 10주년을 맞은 려욱은 8월 5일...","공연 개최, 단독 공연",https://www.newsen.com/news_view.php?uid=202608041012092410,https://www.newsen.com/news_view.php?uid=202608041012092410,https://m.entertain.naver.com/article/609/0001153274,newsen.com,NAVER 뉴스 검색,N/A,슈퍼주니어,REVIEW_REQUIRED,DATE_CONFLICT,려욱,1,,,naver_news,,40c27aaa30c49080c9d4e4ef,2026-08-05T08:35:00.642823+09:00
c9f5237440d8f10b4120564d,739a956354f87fbdfc1bf131,NAVER_NEWS,JYP,JYP Japan,NEXZ (넥스지),nexz,COMEBACK,NEW_EVENT,66,3,2026-08-05T22:33:00+09:00,NEXZ(넥스지) 신보 ‘SAUCIN’(쏘씬) 트레일러 추가 오픈! 8월 컴백 물 올...,SAUCIN,2026-08-24,2026-08-24,2026-08-24,MEDIUM,8월 24일,BODY,N,,,"펼쳐지는 신규 페스티벌 ’STRAYCITY‘(스트레이시티) 무대에 올라 태양보다 뜨거운 열정 에너지를 뿜어낸다. 넥스지스럽게 맛깔난, ‘넥깔난’ 앨범 ‘SAUCIN’‘이 8월 24일 오후 6시 음악 미식가들을 찾아간다.",컴백,https://sports.khan.co.kr/article/202608052232003?pt=nv,https://sports.khan.co.kr/article/202608052232003?pt=nv,https://m.entertain.naver.com/article/144/0001130161,sports.khan.co.kr,NAVER 뉴스 검색,N/A,넥스지,REVIEW_REQUIRED,DATE_LOW_CONFIDENCE,NEXZ,1,,,naver_news,,c9f5237440d8f10b4120564d,2026-08-06T08:31:12.665511+09:00
425f53336ce98276ba90552f,c97aded81a40b32c99660642,NAVER_NEWS,SM,2세대 그룹,소녀시대,girls_generation,COMEBACK,NEW_EVENT,66,3,2026-08-05T14:29:00+09:00,"[공식입장] SM ""3분기, 소녀시대-효리수 싱글 발매"" 발표","[공식입장] SM ""3분기, -효리수 싱글 발매""",,,,NONE,,,N,,,"동방신기, 슈퍼주니어, 엑소, 에스파, NCT WISH 등 주요 아티스트들의 글로벌 투어 확대에 힘입어 출연 매출(27.9%)과 콘서트 매출(23.6%)이 크게 증가했으며, 대규모 공연 MD 및 팝업스토어 활성화로 MD·라이선싱...",싱글 발매,https://www.mydaily.co.kr/page/view/2026080514241549939,https://www.mydaily.co.kr/page/view/2026080514241549939,https://m.entertain.naver.com/article/117/0004091974,mydaily.co.kr,NAVER 뉴스 검색,N/A,동방신기,REVIEW_REQUIRED,DATE_NOT_FOUND,소녀시대,1,,,naver_news,,425f53336ce98276ba90552f,2026-08-06T08:31:12.665511+09:00
345395872d1f96d2a8669cc5,d835d55200965a00ae5c14c8,NAVER_NEWS,HYBE,플레디스,SEVENTEEN (세븐틴),seventeen,COMEBACK,NEW_EVENT,66,3,2026-08-05T10:14:00+09:00,"세븐틴 디노, 이번엔 '피철인'이다…부캐로 첫 앨범 발매→차트 상위권...","디노, 이번엔 '피철인'이다",,,,NONE,,,N,,,그룹 세븐틴의 멤버 디노가 부캐 피철인으로 활동하며 미니 1집 '吉BOARD'를 발매하고 관련 비하인드 콘텐츠를 공개했다. 디노는 지난 4일 세븐틴 공식 유튜브 채널을 통해 '吉BOARD'의 제작 과정을 담은 '吉RECORDS...,앨범 발매,https://mhnse.com/news/articleView.html?idxno=1478693,https://mhnse.com/news/articleView.html?idxno=1478693,https://m.entertain.naver.com/article/445/0000445645,mhnse.com,NAVER 뉴스 검색,N/A,세븐틴,REVIEW_REQUIRED,DATE_NOT_FOUND,세븐틴,1,,,naver_news,,345395872d1f96d2a8669cc5,2026-08-06T08:31:12.665511+09:00
2f1068bd36cfdc25ba08145d,afc89cbb80f753a08f71f2dd,NAVER_NEWS,SM,4세대 그룹,aespa,aespa,TOUR_ANNOUNCEMENT,NEW_EVENT,72,3,2026-08-07T09:18:00+09:00,"에스파, 오늘(7일) 첫 고척돔 콘서트 개최…새 월드투어 포문",첫 고척돔 콘서트,2026-08-07,2026-08-07,2026-08-07,HIGH,오늘(7일),TITLE,N,서울,고척스카이돔|이번 공연은 에스파의 첫 고척돔|첫 고척돔,그룹 에스파(aespa)가 7일 서울 고척스카이돔에서 첫 단독 콘서트를 열고 네 번째 월드투어의 시작을... 이번 공연은 에스파의 첫 고척돔 단독 콘서트이자 새로운 월드투어의 출발점이라는 점에서 관심을...,"월드투어, 콘서트 개최",https://www.stardailynews.co.kr/news/articleView.html?idxno=545077,https://www.stardailynews.co.kr/news/articleView.html?idxno=545077,https://www.stardailynews.co.kr/news/articleView.html?idxno=545077,stardailynews.co.kr,NAVER 뉴스 검색,N/A,에스파,REVIEW_REQUIRED,MANUAL_APPROVAL_REQUIRED,에스파,1,,,naver_news,,2f1068bd36cfdc25ba08145d,2026-08-07T10:37:20.511258+09:00
848a4b016b599ee62f852787,39b2db1face07347cd6f79b8,NAVER_NEWS,JYP,4세대 그룹,Stray Kids,stray_kids,COMEBACK,NEW_EVENT,69,3,2026-08-07T08:30:00+09:00,"스트레이 키즈, 7일 새 미니앨범 발매…‘디스 앤드 댓’ 포함 총 8곡 수...",새 미니앨범 발매,2026-08-07,2026-08-07,2026-08-07,MEDIUM,7일,TITLE,N,,,… 한층 진화한 스트레이 키즈(Stray Kids)를 만날 시간이다. 스트레이 키즈가 팬들 곁으로 돌아온다. 소속사 측은 7일 “스트레이 키즈가 오늘 오후 1시 새 미니앨범...,"미니앨범, 앨범 발매",https://www.swtvnews.com/news/newsview.php?ncode=1065569066229050,https://www.swtvnews.com/news/newsview.php?ncode=1065569066229050,https://www.swtvnews.com/news/newsview.php?ncode=1065569066229050,swtvnews.com,NAVER 뉴스 검색,N/A,스트레이 키즈,REVIEW_REQUIRED,DATE_LOW_CONFIDENCE,스트레이 키즈,1,,,naver_news,,848a4b016b599ee62f852787,2026-08-07T10:37:20.511258+09:00
54336b825b1266f6ae9996af,182328ce116df1cffed85c62,NAVER_NEWS,HYBE,HYBE x Geffen,KATSEYE (캣츠아이),katseye,POPUP,NEW_EVENT,68,3,2026-08-06T13:42:00+09:00,"캣츠아이, '와일드' 팝업스토어 개최…서울·도쿄서 팬 소통",와일드,2026-08-14,2026-08-19,2026-08-14|2026-08-15|2026-08-16|2026-08-17|2026-08-18|2026-08-19,MEDIUM,14~19일,BODY,N,도쿄|서울,,걸그룹 캣츠아이(KATSEYE)의 세 번째 미니앨범 'WILD(와일드)' 발매를 기념하는 팝업스토어가 오는 14~19일 서울 용산구 하이브 사옥에서 개최된다. 이번 팝업스토어는 앨범의 주요 색상인 핫핑크를 바탕으로 연출된다....,팝업스토어,https://enter.etoday.co.kr/news/view/300677,https://enter.etoday.co.kr/news/view/300677,https://enter.etoday.co.kr/news/view/300677,enter.etoday.co.kr,NAVER 뉴스 검색,N/A,캣츠아이,REVIEW_REQUIRED,DATE_LOW_CONFIDENCE,캣츠아이,1,,,naver_news,,54336b825b1266f6ae9996af,2026-08-07T10:37:20.511258+09:00
6303740dec65519a7b7a21c7,3e28eaaa365ffdcaea8db8fb,NAVER_NEWS,YG,그룹/멤버 분리,BIGBANG (빅뱅),bigbang,TOUR_ANNOUNCEMENT,NEW_EVENT,72,3,2026-08-07T09:20:00+09:00,"빅뱅, 데뷔 20주년 맞아 월드투어 공식 MD 팝업 연다",데뷔 20주년 맞아 월드투어 공식 MD 팝업 연다,2026-08-14,2026-08-14,2026-08-14,MEDIUM,8월 14일,ENRICHED_BODY,N,,,"빅뱅이 데뷔 20주년을 맞아 월드투어와 연계한 공식 MD 컬렉션을 내놓는다. YG플러스는 'BIGBANG 2026–2027 WORLD TOUR < XX : COSMOS >'를 기념하는 MD를 준비하고, 이를 선보이는 오프라인 팝업을 진행한다고 밝혔다. 이번...",월드투어,https://www.topstarnews.net/news/articleView.html?idxno=16157238,https://www.topstarnews.net/news/articleView.html?idxno=16157238,https://www.topstarnews.net/news/articleView.html?idxno=16157238,topstarnews.net,NAVER 뉴스 검색,N/A,BIGBANG,REVIEW_REQUIRED,DATE_ENRICHED_REVIEW,빅뱅,2,,,naver_news,,6303740dec65519a7b7a21c7,2026-08-07T10:37:20.511258+09:00
493ddc269aadcbfa5bdfe2c9,590fbea5dc245bc2a0c7721f,NAVER_NEWS,YG,그룹/멤버 분리,BIGBANG (빅뱅),bigbang,TOUR_ANNOUNCEMENT,NEW_EVENT,72,3,2026-08-06T14:34:00+09:00,"빅뱅, 스타트렌드 '올여름 가장 뜨거운 아이돌'...월드투어 기대 폭발",스타트렌드 '올여름 가장 뜨거운 아이돌',,,,NONE,,,N,,,"스타트렌드가 7월 5주차 진행한 K-POP 그룹 부문 주간 팬 투표에서 빅뱅이 211만9383표를 얻어 1위에 올랐다. 데뷔 20주년을 맞아 대규모 월드투어 출발을 앞둔 시점에 팬들의 표심까지 집중되면서, 여전히 막강한 빅뱅의...",월드투어,https://www.stardailynews.co.kr/news/articleView.html?idxno=544968,https://www.stardailynews.co.kr/news/articleView.html?idxno=544968,https://www.stardailynews.co.kr/news/articleView.html?idxno=544968,stardailynews.co.kr,NAVER 뉴스 검색,N/A,BIGBANG,REVIEW_REQUIRED,DATE_NOT_FOUND,빅뱅,1,,,naver_news,,493ddc269aadcbfa5bdfe2c9,2026-08-07T10:37:20.511258+09:00
9e6bd14bcf2a76edb8768ebd,a4d6fcf45c6dfd06520468fb,NAVER_NEWS,JYP,4세대 그룹,Stray Kids,stray_kids,COMEBACK,NEW_EVENT,71,8,2026-08-07T08:55:00+09:00,"'글로벌 아이돌' 스트레이 키즈, 오늘 새 앨범 '디스 앤드 댓' 발매",디스 앤드 댓,,,,NONE,,,N,,,‘글로벌 아이돌’ 보이그룹 스트레이 키즈(Stray Kids)가 7일 새 미니앨범 ‘디스 앤드 댓’(THIS & THAT)으로 컴백한다. ‘디스 앤드 댓’은 스트레이 키즈가 미국 빌보드 메인 앨범차트 빌보드200 1위에 오른 전작...,새 앨범,https://www.edaily.co.kr/news/newspath.asp?newsid=05159446645545024,https://www.edaily.co.kr/news/newspath.asp?newsid=05159446645545024,https://m.entertain.naver.com/article/018/0006346621,edaily.co.kr,NAVER 뉴스 검색,N/A,스트레이 키즈,REVIEW_REQUIRED,DATE_NOT_FOUND,스트레이 키즈,1,,,naver_news,,9e6bd14bcf2a76edb8768ebd,2026-08-07T10:37:20.511258+09:00
145a3cf8a16bfb5fff143901,c5066ae6c2a1d08a2f07be24,NAVER_NEWS,HYBE,HYBE x Geffen,KATSEYE (캣츠아이),katseye,POPUP,NEW_EVENT,68,3,2026-08-06T10:38:00+09:00,"캣츠아이, 미니 3집 ‘WILD’ 팝업스토어 오픈",WILD,,,,NONE,,,N,서울,,"캣츠아이, 미니 3집 ‘WILD’ 팝업스토어 오픈 (제공: 하이브-게펜레코드) 글로벌 걸그룹 캣츠아이(KATSEYE)의 세 번째 EP ‘WILD’ 발매 기념 팝업스토어(KATSEYE ‘WILD’ POP-UP in Seoul)가 오는 14일부터 19일까지 서울 용산구...",팝업스토어,https://www.bntnews.co.kr/article/view/bnt202608060151,https://www.bntnews.co.kr/article/view/bnt202608060151,https://www.bntnews.co.kr/article/view/bnt202608060151,bntnews.co.kr,NAVER 뉴스 검색,N/A,캣츠아이,REVIEW_REQUIRED,DATE_NOT_FOUND,캣츠아이,1,,,naver_news,,145a3cf8a16bfb5fff143901,2026-08-07T10:37:20.511258+09:00
bce661765a899c7c4ccb9b08,79defcc14549901d3c119238,NAVER_NEWS,SM,SM Entertainment,HYO (효연),hyo,COMEBACK,NEW_EVENT,66,3,2026-08-06T20:30:00+09:00,효연·유리·수영 '효리수' 공식 데뷔 확정…올해 첫 싱글 발매,유리·수영 '효리수' 공식 데뷔 확정,,,,NONE,,,N,,,"SM엔터테인먼트는 지난 5일 소녀시대-효리수(Girls' Generation-HRS)가 올해 3분기 첫 싱글을 발매한다고 공식 발표했다. 효리수는 효연, 유리, 수영이 올해 초 '효연의 레벨업'을 통해 결성한 프로젝트 유닛이다. 그룹명은...",싱글 발매,https://www.insight.co.kr/news/566838,https://www.insight.co.kr/news/566838,https://www.insight.co.kr/news/566838,insight.co.kr,NAVER 뉴스 검색,N/A,소녀시대,REVIEW_REQUIRED,DATE_NOT_FOUND,효연,1,,,naver_news,,bce661765a899c7c4ccb9b08,2026-08-07T10:37:20.511258+09:00
2f1068bd36cfdc25ba08145d,afc89cbb80f753a08f71f2dd,NAVER_NEWS,SM,4세대 그룹,aespa,aespa,TOUR_ANNOUNCEMENT,NEW_EVENT,72,3,2026-08-07T09:18:00+09:00,"에스파, 오늘(7일) 첫 고척돔 콘서트 개최…새 월드투어 포문",첫 고척돔 콘서트,2026-08-07,2026-08-07,2026-08-07,HIGH,오늘(7일),TITLE,N,서울,가 서울 고척스카이돔|고척스카이돔|데뷔 첫 고척돔|새 월드투어 시작 그룹 에스파가 고척스카이돔|이번 공연은 에스파의 첫 고척돔|첫 고척돔,그룹 에스파(aespa)가 7일 서울 고척스카이돔에서 첫 단독 콘서트를 열고 네 번째 월드투어의 시작을... 이번 공연은 에스파의 첫 고척돔 단독 콘서트이자 새로운 월드투어의 출발점이라는 점에서 관심을...,"월드투어, 콘서트 개최",https://www.stardailynews.co.kr/news/articleView.html?idxno=545077,https://www.stardailynews.co.kr/news/articleView.html?idxno=545077,https://www.stardailynews.co.kr/news/articleView.html?idxno=545077,stardailynews.co.kr,NAVER 뉴스 검색,N/A,에스파,REVIEW_REQUIRED,MANUAL_APPROVAL_REQUIRED,에스파,3,https://enter.etoday.co.kr/news/view/300713|https://www.tenasia.co.kr/article/2026080704764,,naver_news,,2f1068bd36cfdc25ba08145d,2026-08-08T08:08:07.079154+09:00
848a4b016b599ee62f852787,39b2db1face07347cd6f79b8,NAVER_NEWS,JYP,4세대 그룹,Stray Kids,stray_kids,COMEBACK,NEW_EVENT,69,3,2026-08-07T08:30:00+09:00,"스트레이 키즈, 7일 새 미니앨범 발매…‘디스 앤드 댓’ 포함 총 8곡 수...",새 미니앨범 발매,2026-08-07,2026-08-07,2026-08-07,MEDIUM,7일,TITLE,N,,,… 한층 진화한 스트레이 키즈(Stray Kids)를 만날 시간이다. 스트레이 키즈가 팬들 곁으로 돌아온다. 소속사 측은 7일 “스트레이 키즈가 오늘 오후 1시 새 미니앨범...,"미니앨범, 앨범 발매",https://www.swtvnews.com/news/newsview.php?ncode=1065569066229050,https://www.swtvnews.com/news/newsview.php?ncode=1065569066229050,https://www.swtvnews.com/news/newsview.php?ncode=1065569066229050,swtvnews.com,NAVER 뉴스 검색,N/A,스트레이 키즈,REVIEW_REQUIRED,DATE_LOW_CONFIDENCE,스트레이 키즈,1,,,naver_news,,848a4b016b599ee62f852787,2026-08-08T08:08:07.079154+09:00
b4fb3f7d7def3333390ed7cc,87b318260b0c2b18a1fdc549,NAVER_NEWS,YG,그룹/멤버 분리,BIGBANG (빅뱅),bigbang,TOUR_ANNOUNCEMENT,NEW_EVENT,72,3,2026-08-07T15:32:00+09:00,"YG플러스, 빅뱅 월드투어 팝업 오픈…20주년 응원봉 공개","YG플러스, 월드투어 팝업",2026-08-14,2026-08-27,2026-08-14|2026-08-15|2026-08-16|2026-08-17|2026-08-18|2026-08-19|2026-08-20|2026-08-21|2026-08-22|2026-08-23|2026-08-24|2026-08-25|2026-08-26|2026-08-27,MEDIUM,14~27일,BODY,N,,,빅뱅 데뷔 20주년을 기념하는 공식 투어 MD가 출시된다. YG플러스는 오는 14~27일 무신사 메가스토어 성수와 무신사 스탠다드 명동점에서 'BIGBANG 2026–2027 WORLD TOUR < XX : COSMOS >(빅뱅 2026-2027 월드 투어...,월드투어,https://enter.etoday.co.kr/news/view/300729,https://enter.etoday.co.kr/news/view/300729,https://enter.etoday.co.kr/news/view/300729,enter.etoday.co.kr,NAVER 뉴스 검색,N/A,BIGBANG,REVIEW_REQUIRED,DATE_LOW_CONFIDENCE,빅뱅,1,,,naver_news,,b4fb3f7d7def3333390ed7cc,2026-08-08T08:08:07.079154+09:00
a73dc09dceb68ceced68acb9,2366032022bfdde33c32ae23,NAVER_NEWS,JYP,JYP Japan,NEXZ (넥스지),nexz,COMEBACK,NEW_EVENT,66,3,2026-08-07T11:31:00+09:00,"‘컴백’ 넥스지, 타이틀곡 ‘쏘신’ 확정…아낌없이 쏟아부은 특제 소...","‘ ’ , 타이틀곡 ‘쏘신’ 확정",2026-08-07,2026-08-07,2026-08-07,MEDIUM,8월 7일,BODY,N,,,"'라이브 퍼포먼스 장인' 그룹 넥스지(NEXZ)가 독창적인 특제 아이디어 소스를 듬뿍 담은 신보로 돌아온다. 8월 7일 소속사 JYP엔터테인먼트에 따르면 넥스지(토모야, 유우, 하루, 소 건, 세이타, 휴이, 유키)는 24일...",컴백,https://www.newsen.com/news_view.php?uid=202608071124530410,https://www.newsen.com/news_view.php?uid=202608071124530410,https://m.entertain.naver.com/article/609/0001154551,newsen.com,NAVER 뉴스 검색,N/A,넥스지,REVIEW_REQUIRED,DATE_LOW_CONFIDENCE,넥스지,1,,,naver_news,,a73dc09dceb68ceced68acb9,2026-08-08T08:08:07.079154+09:00
0c2b981519b82e5a0e5cb38f,c0b983aa30e4c2f0922bd9a6,NAVER_NEWS,JYP,4세대 그룹,Stray Kids,stray_kids,COMEBACK,NEW_EVENT,66,3,2026-08-07T14:44:00+09:00,"[영상] 스트레이 키즈, 오늘 새 미니앨범 '디스 앤드 댓' 발매…9개월 만...",디스 앤드 댓,2026-08-07,2026-08-07,2026-08-07,LOW,오늘(7일),BODY,N,,,스트레이 키즈(Stray Kids)가 오늘(7일) 오후 새 미니앨범 'THIS & THAT'(디스 앤드 댓)을 발매했습니다. 지난해 11월 미국 빌보드 메인 앨범 차트 '빌보드 200' 8연속 1위 기록을 세웠던 SKZ IT TAPE(스키즈 잇 테이프) 'DO IT'(두...,미니앨범,https://news.sbs.co.kr/news/endPage.do?news_id=N1008695093&plink=ORI&cooper=NAVER,https://news.sbs.co.kr/news/endPage.do?news_id=N1008695093&plink=ORI&cooper=NAVER,https://n.news.naver.com/mnews/article/055/0001378896?sid=103,news.sbs.co.kr,NAVER 뉴스 검색,N/A,스트레이 키즈,REVIEW_REQUIRED,DATE_LOW_CONFIDENCE,스트레이 키즈,2,https://www.edaily.co.kr/news/newspath.asp?newsid=05159446645545024,,naver_news,,0c2b981519b82e5a0e5cb38f,2026-08-08T08:08:07.079154+09:00
5d6fc7ce123cfbb4427aeaa8,68689d61ee3691026bf20ee4,NAVER_NEWS,SM,4세대 그룹,aespa,aespa,TOUR_ANNOUNCEMENT,NEW_EVENT,72,3,2026-08-07T12:20:00+09:00,"에스파, 고척돔서 새 월드투어 돌입…새로운 세계관 시작된다",고척돔서 새 월드투어 돌입,,,,NONE,,,N,서울,고척돔|과 8일 이틀간 서울 고척스카이돔|에스파의 첫 고척돔|첫 고척돔,… 에스파는 7일과 8일 이틀간 서울 고척스카이돔에서 '2026-27 에스파 라이브 투어 – 싱크 : 컴플랙시티'를 개최한다. 에스파의 첫 고척돔 입성이자 새로운 월드투어의...,월드투어,https://www.spotvnews.co.kr/news/articleView.html?idxno=833396,https://www.spotvnews.co.kr/news/articleView.html?idxno=833396,https://m.entertain.naver.com/article/477/0000622403,spotvnews.co.kr,NAVER 뉴스 검색,N/A,에스파,REVIEW_REQUIRED,DATE_NOT_FOUND,에스파,1,,,naver_news,,5d6fc7ce123cfbb4427aeaa8,2026-08-08T08:08:07.079154+09:00
6303740dec65519a7b7a21c7,3e28eaaa365ffdcaea8db8fb,NAVER_NEWS,YG,그룹/멤버 분리,BIGBANG (빅뱅),bigbang,TOUR_ANNOUNCEMENT,NEW_EVENT,72,3,2026-08-07T09:20:00+09:00,"빅뱅, 데뷔 20주년 맞아 월드투어 공식 MD 팝업 연다",데뷔 20주년 맞아 월드투어 공식 MD 팝업 연다,2026-08-14,2026-08-14,2026-08-14,MEDIUM,8월 14일,ENRICHED_BODY,N,,,"빅뱅이 데뷔 20주년을 맞아 월드투어와 연계한 공식 MD 컬렉션을 내놓는다. YG플러스는 'BIGBANG 2026–2027 WORLD TOUR < XX : COSMOS >'를 기념하는 MD를 준비하고, 이를 선보이는 오프라인 팝업을 진행한다고 밝혔다. 이번...",월드투어,https://www.topstarnews.net/news/articleView.html?idxno=16157238,https://www.topstarnews.net/news/articleView.html?idxno=16157238,https://www.topstarnews.net/news/articleView.html?idxno=16157238,topstarnews.net,NAVER 뉴스 검색,N/A,BIGBANG,REVIEW_REQUIRED,DATE_ENRICHED_REVIEW,빅뱅,2,,,naver_news,,6303740dec65519a7b7a21c7,2026-08-08T08:08:07.079154+09:00
8f4e81ade3d7c3c02aa3b5dd,c07d8776b973f7d6254270d7,NAVER_NEWS,SM,2세대 그룹,샤이니,shinee,POPUP,NEW_EVENT,68,3,2026-08-07T10:44:00+09:00,"샤이니 온유, '찡냥이' 팝업스토어 개최...팬들과 특별한 추억",찡냥이,,,,NONE,,,N,,,그룹 샤이니 멤버 온유(ONEW)가 공식 캐릭터를 활용한 팝업스토어를 열고 팬들과 특별한 시간을 보낸다. 온유는 지난 6일 공식 SNS를 통해 'ONEW OFFICIAL CHARACTER 'JJING-NYANG' PAJAMA PARTY POP-UP STORE' 포스터를 공개했다....,팝업스토어,https://www.livebiz.today/news/articleView.html?idxno=203947,https://www.livebiz.today/news/articleView.html?idxno=203947,https://www.livebiz.today/news/articleView.html?idxno=203947,livebiz.today,NAVER 뉴스 검색,N/A,샤이니,REVIEW_REQUIRED,DATE_NOT_FOUND,샤이니,1,,,naver_news,,8f4e81ade3d7c3c02aa3b5dd,2026-08-08T08:08:07.079154+09:00
46e7b8e1d2484e2b98c669d9,9f8381ef18d78b481e933cfc,NAVER_NEWS,JYP,4세대 그룹,Stray Kids,stray_kids,COMEBACK,NEW_EVENT,66,3,2026-08-07T20:58:00+09:00,"스트레이 키즈, 올해 첫 미니 앨범 ‘THIS & THAT’ 발매",THIS & THAT,,,,NONE,,,N,,,"스트레이 키즈가 올해 첫 미니 앨범 ‘THIS & THAT’으로 돌아왔습니다. © JYP Entertainment © JYP Entertainment © JYP Entertainment 스트레이 키즈의 색다른 얼굴, THIS & THAT 스트레이 키즈(Stray Kids)를 한 가지 장르로만...",미니 앨범,https://www.marieclairekorea.com/celebrity/2026/08/straykids-24/?utm_source=naver&utm_medium=partnership,https://www.marieclairekorea.com/celebrity/2026/08/straykids-24/?utm_source=naver&utm_medium=partnership,https://www.marieclairekorea.com/celebrity/2026/08/straykids-24/?utm_source=naver&utm_medium=partnership,marieclairekorea.com,NAVER 뉴스 검색,N/A,스트레이 키즈,REVIEW_REQUIRED,DATE_NOT_FOUND,스트레이 키즈,1,,,naver_news,,46e7b8e1d2484e2b98c669d9,2026-08-08T08:08:07.079154+09:00
227fd526c8919b67b8c86d54,d078c5467873e4a8642ef822,NAVER_NEWS,SM,3세대 그룹,Red Velvet,red_velvet,COMEBACK,NEW_EVENT,66,3,2026-08-08T14:44:00+09:00,'쇼음악중심' 레드벨벳·스트레이키즈 컴백...출연진 라인업 확정,'쇼음악중심' ·스트레이키즈,,,,NONE,,,N,,,피철인(세븐틴 디노) . 다영(DAYOUNG) X 박재범 . Stray Kids . JUNHEE . ARTMS . 더윈드(The Wind) . KISS OF LIFE . POW(파우) . WHIB(휘브) . BABYMONSTER . NOWZ(나우즈) . NouerA(누에라) . 키제(KiXÉ) . A2O MAY . Blue is not blue,컴백,https://www.gukjenews.com/news/articleView.html?idxno=3659371,https://www.gukjenews.com/news/articleView.html?idxno=3659371,https://www.gukjenews.com/news/articleView.html?idxno=3659371,gukjenews.com,NAVER 뉴스 검색,N/A,세븐틴,REVIEW_REQUIRED,DATE_NOT_FOUND,레드벨벳,1,,,naver_news,,227fd526c8919b67b8c86d54,2026-08-09T07:59:53.041371+09:00
1350c38879e5798d9b0c33f0,0a80900438b651df609b1854,NAVER_NEWS,SM,4세대 그룹,aespa,aespa,TOUR_ANNOUNCEMENT,NEW_EVENT,77,8,2026-08-09T15:39:00+09:00,"에스파, 3만 5000명 관객과 고척돔 달궜다…4번째 월드투어 스타트",3만 5000명 관객과 고척돔 달궜다,2026-08-07,2026-08-08,2026-08-07|2026-08-08,LOW,7~8일,BODY,N,서울,3만 5000명 관객과 고척돔|가 데뷔 후 첫 고척스카이돔|고척스카이돔,SM엔터테인먼트 대표 그룹 에스파(aespa)가 데뷔 후 첫 고척스카이돔 단독 콘서트로 네 번째 월드투어의 막을 올렸다. 에스파는 지난 7~8일 서울 고척스카이돔에서 ‘2026-27 에스파 라이브 투어-싱크: 컴플랙시티’를...,월드투어,https://www.mk.co.kr/article/12122064,https://www.mk.co.kr/article/12122064,https://n.news.naver.com/mnews/article/009/0005718492?sid=103,mk.co.kr,NAVER 뉴스 검색,N/A,에스파,REVIEW_REQUIRED,DATE_LOW_CONFIDENCE,에스파,1,,,naver_news,,1350c38879e5798d9b0c33f0,2026-08-10T08:01:45.407885+09:00
c9d3ba8bc0fcf278ba1815dc,344d244e86b9cca4d950fd5c,NAVER_NEWS,JYP,Studio J,DAY6,day6,FANMEETING,NEW_EVENT,70,3,2026-09-08T16:30:00+09:00,"JYP 데이식스, 10월 23~25일 공식 팬미팅 개최… 온·오프라인 동시 진행","JYP , 공식 팬미팅",2026-10-23,2026-10-25,2026-10-23|2026-10-24|2026-10-25,HIGH,10월 23~25일,TITLE,N,,,JYP엔터테인먼트(JYP Ent.) 소속 밴드 데이식스(DAY6)가 오는 10월 대규모 공식 팬미팅을 열고 팬들과 만난다. 8일 JYP엔터테인먼트에 따르면 데이식스는 전날 오후 공식 SNS(소셜미디어) 채널을 통해 다섯 번째 공식...,팬미팅,https://www.mt.co.kr/stock/2026/09/08/2026090816200452026,https://www.mt.co.kr/stock/2026/09/08/2026090816200452026,https://n.news.naver.com/mnews/article/008/0005411019?sid=101,mt.co.kr,NAVER 뉴스 검색,N/A,데이식스,REVIEW_REQUIRED,MANUAL_APPROVAL_REQUIRED,데이식스,1,,,naver_news,,c9d3ba8bc0fcf278ba1815dc,2026-09-09T08:04:22.590790+09:00
442924a2a17bb7de1ffa0921,15ffe98d26588bc3f129dbd2,NAVER_NEWS,JYP,Studio J,DAY6,day6,FANMEETING,NEW_EVENT,70,3,2026-09-08T16:16:00+09:00,"데이식스, 10월 23~25일 팬미팅 개최…마이데이와 특별한 가을",DAY6 팬미팅,2026-10-23,2026-10-25,2026-10-23|2026-10-24|2026-10-25,HIGH,10월 23~25일,TITLE,N,,,밴드 데이식스(DAY6)가 오는 10월 사흘간 다섯 번째 공식 팬미팅을 개최하고 팬들과 만난다. JYP엔터테인먼트는 7일 오후 공식 SNS 채널을 통해 데이식스의 다섯 번째 공식 팬미팅 '(데이식스 피프스 팬미팅 '에브리...,팬미팅,http://www.tvdaily.co.kr/read.php3?aid=17888514161801396010,http://www.tvdaily.co.kr/read.php3?aid=17888514161801396010,https://m.entertain.naver.com/article/440/0000044618,tvdaily.co.kr,NAVER 뉴스 검색,N/A,데이식스,REVIEW_REQUIRED,MANUAL_APPROVAL_REQUIRED,데이식스,1,,,naver_news,,442924a2a17bb7de1ffa0921,2026-09-09T08:04:22.590790+09:00
17d19809464244798a115249,0111974a14ba7f59b9f7147a,NAVER_NEWS,JYP,5세대 그룹,KickFlip (킥플립),kickflip,COMEBACK,NEW_EVENT,68,5,2026-09-08T08:49:00+09:00,"'JYP 보이그룹' 킥플립, 10월 6일 더블 타이틀곡 컴백 확정[공식]","'JYP 보이그룹' , 더블 타이틀곡 확정[공식]",2026-10-06,2026-10-06,2026-10-06,HIGH,10월 6일,TITLE,N,,,JYP의 보이그룹 킥플립이 오는 10월 6일 더블 타이틀곡으로 컴백한다. JYP엔터테인먼트는 8일 공식 채널을 통해 킥플립이 내달 6일 오후 6시에 발표하는 새 미니앨범 ‘킥 오프 더 월 파트 원(KICK OFF THE WALL Pt....,컴백,http://www.osen.co.kr/article/G1112871710,http://www.osen.co.kr/article/G1112871710,https://m.entertain.naver.com/article/109/0005602748,osen.co.kr,NAVER 뉴스 검색,N/A,킥플립,REVIEW_REQUIRED,MANUAL_APPROVAL_REQUIRED,킥플립,3,https://www.starnewskorea.com/music/2026/09/08/2026090808030622689|https://www.newsen.com/news_view.php?uid=202609080814190410,,naver_news,,17d19809464244798a115249,2026-09-09T08:04:22.590790+09:00
b3521d30a78339034561241e,f7aff63595d837304f160d14,NAVER_NEWS,JYP,5세대 그룹,KickFlip (킥플립),kickflip,COMEBACK,NEW_EVENT,66,3,2026-09-08T11:15:00+09:00,"킥플립, 10월 6일 신보 발매..‘미완성’·‘Kick Off The Wall’ 더블 타...",..‘미완성’·‘Kick Off The Wall’ 더블 타,2026-10-06,2026-10-06,2026-10-06,HIGH,10월 6일,TITLE,N,,,킥플립(KickFlip)이 더블 타이틀곡 ‘미완성’과 ‘Kick Off The Wall (Feat. iann dior)’(킥 오프 더 월(피처링. 이안 디올))로 돌아온다. 킥플립은 오는 10월 6일 새 미니 앨범 ‘KICK OFF THE WALL Pt. 1’(킥...,신보 발매,https://www.heraldmuse.com/article/10866163?ref=naver,https://www.heraldmuse.com/article/10866163?ref=naver,https://m.entertain.naver.com/article/112/0003806710,heraldmuse.com,NAVER 뉴스 검색,N/A,킥플립,REVIEW_REQUIRED,MANUAL_APPROVAL_REQUIRED,킥플립,1,,,naver_news,,b3521d30a78339034561241e,2026-09-09T08:04:22.590790+09:00
3417634f2a6250e5468f88a6,7e547e9325cd3a623e5816bb,NAVER_NEWS,JYP,5세대 그룹,KickFlip (킥플립),kickflip,COMEBACK,NEW_EVENT,66,3,2026-09-08T08:26:00+09:00,"킥플립, 오는 10월 6일 신보 발매",KickFlip (킥플립) 컴백,2026-10-06,2026-10-06,2026-10-06,HIGH,10월 6일,TITLE,N,,,"킥플립, 오는 10월 6일 신보 발매 (제공: JYP엔터테인먼트) 킥플립(KickFlip)이 데뷔 첫 더블 타이틀곡으로 새로운 음악적 색깔을 선보인다. 킥플립은 오는 10월 6일 새 미니 앨범 ‘KICK OFF THE WALL Pt....",신보 발매,https://www.bntnews.co.kr/article/view/bnt202609080035,https://www.bntnews.co.kr/article/view/bnt202609080035,https://www.bntnews.co.kr/article/view/bnt202609080035,bntnews.co.kr,NAVER 뉴스 검색,N/A,킥플립,REVIEW_REQUIRED,MANUAL_APPROVAL_REQUIRED,킥플립,1,,,naver_news,,3417634f2a6250e5468f88a6,2026-09-09T08:04:22.590790+09:00
161971c9715f45f847be1b96,f428401034352a9ac853a6d5,NAVER_NEWS,JYP,Studio J,DAY6,day6,FANMEETING,NEW_EVENT,72,5,2026-09-08T14:06:00+09:00,"DAY6, 10월 5번째 팬미팅 개최..가을밤 수놓는다",10월 5번째 팬미팅 ..가을밤 수놓는다,2026-10-23,2026-10-25,2026-10-23|2026-10-24|2026-10-25,HIGH,10월 23일부터 25일까지,BODY,N,인천,사흘간 인천 인스파이어 아레나,"밴드 데이식스(DAY6)가 오는 10월 23일부터 25일까지 사흘간 인천 인스파이어 아레나에서 다섯 번째 공식 팬미팅 'DAY6 5TH FANMEETING 'EVERY DAY6, EVERY My Day''를 열고 팬들과 만난다. 소속사 JYP엔터테인먼트는 7일...",팬미팅,http://www.osen.co.kr/article/G1112871829,http://www.osen.co.kr/article/G1112871829,https://m.entertain.naver.com/article/109/0005602859,osen.co.kr,NAVER 뉴스 검색,N/A,데이식스,REVIEW_REQUIRED,MANUAL_APPROVAL_REQUIRED,DAY6,3,http://www.joynews24.com/view/2003297|http://www.beyondpost.co.kr/view.php?ud=202609081025517354d3244b4fed_30,,naver_news,,161971c9715f45f847be1b96,2026-09-09T08:04:22.590790+09:00
e1a811a8f8863ce0810c51dd,5dfb795f3d9112212af26b22,NAVER_NEWS,JYP,Studio J,DAY6,day6,FANMEETING,NEW_EVENT,70,3,2026-09-09T05:26:00+09:00,"데이식스, 마이데이와 필연성을 이야기하다…10월 공식 팬미팅 개최",마이데이와 필연성을 이야기하다,2026-10-23,2026-10-25,2026-10-23|2026-10-24|2026-10-25,HIGH,10월 23일부터 25일까지,BODY,N,인천,인스파이어 아레나,"데이식스(DAY6)가 다음달 다섯 번째 팬미팅을 갖는다. 소속사 JYP엔터테인먼트에 따르면, 데이식스는 오는 10월 23일부터 25일까지 인천 인스파이어 아레나에서 다섯 번째 공식 팬미팅 '에브리 데이식스, 에브리 마이데이...",팬미팅,https://www.spotvnews.co.kr/news/articleView.html?idxno=1006394,https://www.spotvnews.co.kr/news/articleView.html?idxno=1006394,https://m.entertain.naver.com/article/477/0000627193,spotvnews.co.kr,NAVER 뉴스 검색,N/A,데이식스,REVIEW_REQUIRED,MANUAL_APPROVAL_REQUIRED,데이식스,1,,,naver_news,,e1a811a8f8863ce0810c51dd,2026-09-09T08:04:22.590790+09:00
c62fdaba8e024bc3bb881f9f,09196907883f18ab0cd8fd45,NAVER_NEWS,JYP,Studio J,DAY6,day6,FANMEETING,NEW_EVENT,70,3,2026-09-08T20:41:00+09:00,"DAY6(데이식스), 10월 다섯 번째 공식 팬미팅 개최","(데이식스), 10월 다섯 번째 공식 팬미팅",2026-10-23,2026-10-25,2026-10-23|2026-10-24|2026-10-25,HIGH,10월 23일~25일,BODY,N,,,"아이돌밴드 DAY6(데이식스)가 오는 10월 23일~25일 다섯 번째 공식 팬미팅 ‘EVERY DAY6, EVERY My Day’를 개최한다. JYP엔터테인먼트는 지난 7일 SNS 채널에 DAY6 다섯 번째 공식 팬미팅 ‘DAY6 5TH FANMEETING < EVERY...",팬미팅,https://sports.khan.co.kr/article/202609082040003?pt=nv,https://sports.khan.co.kr/article/202609082040003?pt=nv,https://m.entertain.naver.com/article/144/0001136925,sports.khan.co.kr,NAVER 뉴스 검색,N/A,데이식스,REVIEW_REQUIRED,MANUAL_APPROVAL_REQUIRED,DAY6,1,,,naver_news,,c62fdaba8e024bc3bb881f9f,2026-09-09T08:04:22.590790+09:00
2af838dc4de88f1e2fcc060b,52d2104d6c2c4f1f0e3aa0d6,NAVER_NEWS,JYP,Studio J,DAY6,day6,FANMEETING,NEW_EVENT,70,3,2026-09-08T13:46:00+09:00,"데이식스, 가을 팬 소통 프로젝트…다섯 번째 팬미팅 개최",가을 팬 소통 프로젝트,2026-10-23,2026-10-25,2026-10-23|2026-10-24|2026-10-25,HIGH,10월 23~25일,BODY,N,인천,인스파이어 아레나,"밴드 데이식스(DAY6)가 오는 10월 대규모 팬미팅을 개최한다. 데이식스는 7일 공식 SNS에 팬미팅 포스터를 게재하고 오는 10월 23~25일 인천 인스파이어 아레나에서 다섯 번째 공식 팬미팅 'EVERY DAY6, EVERY My Day'(에브리...",팬미팅,https://enter.etoday.co.kr/news/view/302131,https://enter.etoday.co.kr/news/view/302131,https://enter.etoday.co.kr/news/view/302131,enter.etoday.co.kr,NAVER 뉴스 검색,N/A,데이식스,REVIEW_REQUIRED,MANUAL_APPROVAL_REQUIRED,데이식스,1,,,naver_news,,2af838dc4de88f1e2fcc060b,2026-09-09T08:04:22.590790+09:00
83f614f5aa00c5077475beab,301389a9b72bb43ab6018a84,NAVER_NEWS,JYP,Studio J,DAY6,day6,FANMEETING,NEW_EVENT,70,3,2026-09-08T09:41:00+09:00,"데이식스, 10월 팬미팅 개최…마이데이, 가을 추억 남긴다",10월 팬미팅,2026-10-23,2026-10-25,2026-10-23|2026-10-24|2026-10-25,HIGH,10월 23~25일,BODY,N,인천,인스파이어 아레나,"데이식스가 마이데이(팬덤명)과 특별한 시간을 보낸다. 데이식스는 오는 10월 23~25일 인천 인스파이어 아레나에서 5번째 공식 팬미팅 '에브리 데이식스, 에브리 마이데이'(EVERY DAY6, EVERY My Day)를 개최한다....",팬미팅,http://www.dispatch.co.kr/2347554,http://www.dispatch.co.kr/2347554,https://m.entertain.naver.com/article/433/0000130414,dispatch.co.kr,NAVER 뉴스 검색,N/A,데이식스,REVIEW_REQUIRED,MANUAL_APPROVAL_REQUIRED,데이식스,1,,,naver_news,,83f614f5aa00c5077475beab,2026-09-09T08:04:22.590790+09:00
947847c4c9bafa549dcfc10e,2876e53f48707cc4abbafd7a,NAVER_NEWS,HYBE,KOZ,BOYNEXTDOOR (보이넥스트도어),boynextdoor,COMEBACK,NEW_EVENT,66,3,2026-09-08T16:01:00+09:00,"보이넥스트도어, 28일 정규 1집 리패키지 발매…컴백 프로모션 돌입",정규 1집 리패키지 발매,2026-09-28,2026-09-28,2026-09-28,MEDIUM,28일,TITLE,N,,,"보이넥스트도어(BOYNEXTDOOR)가 컴백 카운트다운에 돌입했다. 보이넥스트도어(성호, 리우, 명재현, 태산, 이한, 운학)는 9월 7일 정규 1집 리패키지 ‘HOME: DELUXE’의 스케줄러를 공개했다. 동물의 실루엣을 내세운...",컴백,https://www.newsen.com/news_view.php?uid=202609081554592410,https://www.newsen.com/news_view.php?uid=202609081554592410,https://m.entertain.naver.com/article/609/0001166522,newsen.com,NAVER 뉴스 검색,N/A,보이넥스트도어,REVIEW_REQUIRED,DATE_LOW_CONFIDENCE,보이넥스트도어,1,,,naver_news,,947847c4c9bafa549dcfc10e,2026-09-09T08:04:22.590790+09:00
4f59c6c109a0a68d217a4dd8,35308934e52331e3a3e806ad,NAVER_NEWS,SM,솔로/특수,승한앤소울,xnghan_xoul,COMEBACK,NEW_EVENT,66,3,2026-09-08T09:21:00+09:00,"승한, 30일 일본 데뷔한다…승한앤소울, 첫 싱글 발매","승한, 일본 데뷔한다",2026-09-30,2026-09-30,2026-09-30,MEDIUM,30일,TITLE,N,,,"SM엔터테인먼트는 8일 ""승한이 오는 30일 '승한앤소울'로 일본 첫 번째 싱글 '하이 빔'(HIGH BEAM)을 발매한다""고 밝혔다. 앨범 정식 공개를 앞두고 수록곡 음원을 선공개한다. 오는 9일 9시 각종 음악 플랫폼을 통해 '후 뉴?...",싱글 발매,http://www.dispatch.co.kr/2347549,http://www.dispatch.co.kr/2347549,https://m.entertain.naver.com/article/433/0000130411,dispatch.co.kr,NAVER 뉴스 검색,N/A,승한앤소울,REVIEW_REQUIRED,DATE_LOW_CONFIDENCE,승한앤소울,1,,,naver_news,,4f59c6c109a0a68d217a4dd8,2026-09-09T08:04:22.590790+09:00
611c9a8a34e4897f121860dc,3aabf7afb70ebfa2773a47d7,NAVER_NEWS,JYP,Studio J,DAY6,day6,FANMEETING,NEW_EVENT,70,3,2026-09-08T11:07:00+09:00,"데이식스, 인스파이어 아레나 출격…5번째 공식 팬미팅 개최",인스파이어 아레나 출격,2026-09-07,2026-09-07,2026-09-07,MEDIUM,9월 7일,BODY,N,,인스파이어 아레나,"… 10월 My Day(마이데이)와 함께 특별한 가을 추억을 만든다. JYP엔터테인먼트는 지난 9월 7일 오후 공식 SNS 채널을 통해 DAY6의 다섯 번째 공식 팬미팅 'DAY6 5TH FANMEETING ' EVERY DAY6, EVERY My Day...",팬미팅,http://enews.imbc.com/News/RetrieveNewsInfo/517557,http://enews.imbc.com/News/RetrieveNewsInfo/517557,https://m.entertain.naver.com/article/408/0000320804,enews.imbc.com,NAVER 뉴스 검색,N/A,데이식스,REVIEW_REQUIRED,DATE_LOW_CONFIDENCE,데이식스,1,,,naver_news,,611c9a8a34e4897f121860dc,2026-09-09T08:04:22.590790+09:00
6800bf73ed0d7c45c9ff7266,328d7d95ae8b026eaef432e6,NAVER_NEWS,JYP,Studio J,DAY6,day6,FANMEETING,NEW_EVENT,70,3,2026-09-08T09:06:00+09:00,"DAY6, 10월 공식 팬미팅 개최…동화 같은 포스터 공개",10월 공식 팬미팅,2026-09-07,2026-09-07,2026-09-07,MEDIUM,9월 7일,BODY,N,,,"밴드 DAY6(데이식스)가 10월 공식 팬미팅을 연다. 소속사 JYP엔터테인먼트는 9월 7일 오후 DAY6 공식 SNS 채널을 통해 DAY6 다섯 번째 공식 팬미팅 'DAY6 5TH FANMEETING < EVERY DAY6, EVERY My Day >'(< 에브리 데이식스...",팬미팅,https://www.newsen.com/news_view.php?uid=202609080901270410,https://www.newsen.com/news_view.php?uid=202609080901270410,https://m.entertain.naver.com/article/609/0001166298,newsen.com,NAVER 뉴스 검색,N/A,데이식스,REVIEW_REQUIRED,DATE_LOW_CONFIDENCE,DAY6,1,,,naver_news,,6800bf73ed0d7c45c9ff7266,2026-09-09T08:04:22.590790+09:00
94d9537efb1bf91cc3d18ad4,0d31d85eed826c5a36327bbb,NAVER_NEWS,HYBE,빌리프랩,ENHYPEN,enhypen,ADDITIONAL_SHOW,EXPLICIT_ADDITIONAL_SHOW,78,3,2026-09-08T13:26:00+09:00,"세계 휩쓸고 있는 엔하이픈, 베를린·런던 추가 공연 확정","세계 휩쓸고 있는 , 베를린·런던 추가 공연 확정",2026-09-08,2026-09-08,2026-09-08,LOW,오늘(8일),BODY,N,런던,,"그룹 엔하이픈(ENHYPEN)이 추가 공연을 통해 엔진(팬덤명)과 만난다. 엔하이픈(정원, 제이, 제이크, 성훈, 선우, 니키)은 오늘(8일) 공식 팬 플랫폼을 통해 '엔하이픈 월드 투어 '블러드 사가'(ENHYPEN WORLD TOUR 'BLOOD SAGA...",추가 공연,http://enews.imbc.com/News/RetrieveNewsInfo/517588,http://enews.imbc.com/News/RetrieveNewsInfo/517588,https://m.entertain.naver.com/article/408/0000320838,enews.imbc.com,NAVER 뉴스 검색,N/A,엔하이픈,REVIEW_REQUIRED,DATE_LOW_CONFIDENCE,엔하이픈,1,,,naver_news,,94d9537efb1bf91cc3d18ad4,2026-09-09T08:04:22.590790+09:00
774393dbaa7b60cd98680029,3f276c6dc6d7c4d5565bdf8e,NAVER_NEWS,HYBE,빌리프랩,ENHYPEN,enhypen,TOUR_ANNOUNCEMENT,NEW_EVENT,72,3,2026-09-08T11:27:00+09:00,엔하이픈 월드투어 ‘BLOOD SAGA’ 확대..베를린·런던 공연 추가 개최,BLOOD SAGA,2026-09-08,2026-09-08,2026-09-08,LOW,오늘(8일),BODY,N,런던,,"그룹 엔하이픈(ENHYPEN)이 엔진(ENGENE.팬덤명)의 성원에 힘입어 추가 공연을 개최한다. 엔하이픈(정원, 제이, 제이크, 성훈, 선우, 니키)은 오늘(8일) 글로벌 플랫폼 위버스(Weverse) 공식 커뮤니티에 ‘ENHYPEN WORLD...",월드투어,https://www.heraldmuse.com/article/10866224?ref=naver,https://www.heraldmuse.com/article/10866224?ref=naver,https://m.entertain.naver.com/article/112/0003806713,heraldmuse.com,NAVER 뉴스 검색,N/A,엔하이픈,REVIEW_REQUIRED,DATE_LOW_CONFIDENCE,엔하이픈,3,http://www.osen.co.kr/article/G1112871686|http://www.beyondpost.co.kr/view.php?ud=202609080856286767d3244b4fed_30,,naver_news,,774393dbaa7b60cd98680029,2026-09-09T08:04:22.590790+09:00
12b51026b34a334bb7794a18,a1df6bb239baaff48597e766,NAVER_NEWS,HYBE,빌리프랩,ENHYPEN,enhypen,ADDITIONAL_SHOW,EXPLICIT_ADDITIONAL_SHOW,78,3,2026-09-08T09:12:00+09:00,"남미 흔든 엔하이픈, 이제 유럽으로…‘BLOOD SAGA’ 추가 공연","남미 흔든 , 이제 유럽으로",,,,NONE,,,N,,,"엔하이픈이 미니 8집 ‘THE SIN : BLISS’ 활동으로 데뷔 후 첫 음악방송 그랜드 슬램(6관왕)을 달성한 데 이어, 스페셜 무대와 월드투어 추가 개최로 열기를 이어간다. 엔하이픈은 최근 팬 소통 플랫폼 위버스를...",추가 공연,https://sports.donga.com/ent/article/all/20260908/134624434/1,https://sports.donga.com/ent/article/all/20260908/134624434/1,https://m.entertain.naver.com/article/382/0001292635,sports.donga.com,NAVER 뉴스 검색,N/A,엔하이픈,REVIEW_REQUIRED,DATE_NOT_FOUND,엔하이픈,1,,,naver_news,,12b51026b34a334bb7794a18,2026-09-09T08:04:22.590790+09:00
10af828c81b11071ba9b3bf5,8b924ce501cd31c9707c9f31,NAVER_NEWS,JYP,Studio J,DAY6,day6,FANMEETING,NEW_EVENT,70,3,2026-09-08T21:57:00+09:00,"데이식스, 10월 팬미팅 개최 확정… 포스터부터 동화 같은 분위기",10월 팬미팅 확정,,,,NONE,,,N,,,"DAY6(데이식스)가 오는 10월 사흘간 팬들과 만난다. JYP엔터테인먼트는 지난 7일 오후 공식 SNS 채널을 통해 DAY6의 다섯 번째 공식 팬미팅 ‘DAY6 5TH FANMEETING 'EVERY DAY6, EVERY My Day'’ 개최 소식을 알렸다. DAY6는...",팬미팅,https://mhnse.com/news/articleView.html?idxno=1531583,https://mhnse.com/news/articleView.html?idxno=1531583,https://m.entertain.naver.com/article/445/0000461525,mhnse.com,NAVER 뉴스 검색,N/A,데이식스,REVIEW_REQUIRED,DATE_NOT_FOUND,데이식스,1,,,naver_news,,10af828c81b11071ba9b3bf5,2026-09-09T08:04:22.590790+09:00
1ba1ae91eed74f6bc97267b6,bf1d187046a0a7ca2ea333c2,NAVER_NEWS,JYP,Studio J,DAY6,day6,FANMEETING,NEW_EVENT,70,3,2026-09-08T17:18:00+09:00,"'데이식스', '인천 인스파이어 아레나'서 10월 팬미팅 개최… '비욘드 라...","' ', '인천 인스파이어 아레나'서 10월 팬미팅",,,,NONE,,,N,인천,'인천 인스파이어 아레나,"데이식스(DAY6)가 오는 10월 다섯 번째 공식 팬미팅을 열고 팬들과 만난다. JYP엔터테인먼트 측은 7일 오후 공식 SNS 채널에 DAY6 다섯 번째 공식 팬미팅 'EVERY DAY6, EVERY My Day' 포스터를 게재하며 개최 소식을...",팬미팅,https://www.stardailynews.co.kr/news/articleView.html?idxno=549397,https://www.stardailynews.co.kr/news/articleView.html?idxno=549397,https://www.stardailynews.co.kr/news/articleView.html?idxno=549397,stardailynews.co.kr,NAVER 뉴스 검색,N/A,데이식스,REVIEW_REQUIRED,DATE_NOT_FOUND,데이식스,1,,,naver_news,,1ba1ae91eed74f6bc97267b6,2026-09-09T08:04:22.590790+09:00
b97c649bc9f0f339f6af92bf,31eadb548e0c0d601806d985,NAVER_NEWS,JYP,Studio J,DAY6,day6,FANMEETING,NEW_EVENT,70,3,2026-09-08T09:50:00+09:00,"데이식스, 내달 다섯 번째 공식 팬미팅 개최",내달 다섯 번째 공식 팬미팅,,,,NONE,,,N,,,"데이식스, 내달 다섯 번째 공식 팬미팅 개최 (제공: JYP엔터테인먼트) 데이식스(DAY6)가 오는 10월 다섯 번째 공식 팬미팅을 개최하며 팬들과 만난다. 지난 7일, 소속사 측은 오후 공식 SNS 채널에 DAY6 다섯 번째...",팬미팅,https://www.bntnews.co.kr/article/view/bnt202609080117,https://www.bntnews.co.kr/article/view/bnt202609080117,https://www.bntnews.co.kr/article/view/bnt202609080117,bntnews.co.kr,NAVER 뉴스 검색,N/A,데이식스,REVIEW_REQUIRED,DATE_NOT_FOUND,데이식스,1,,,naver_news,,b97c649bc9f0f339f6af92bf,2026-09-09T08:04:22.590790+09:00
dd1f3e1f1f9ce08c553511e5,ac523359e5955ad185fd0556,NAVER_NEWS,JYP,Studio J,DAY6,day6,FANMEETING,NEW_EVENT,70,3,2026-09-08T09:14:00+09:00,"DAY6, 인천 인스파이어 아레나서 다섯 번째 팬미팅 연다",인천 인스파이어 아레나서 다섯 번째 팬미팅 연다,,,,NONE,,,N,인천,가 10월 인천 인스파이어 아레나|인스파이어 아레나,DAY6(데이식스)가 10월 인천 인스파이어 아레나에서 다섯 번째 공식 팬미팅으로 팬들과 다시 만난다. 이번 팬미팅은 사흘간 총 3회로 편성돼 현장 관람과 온라인 생중계를 병행한다. 소속사...,팬미팅,https://www.topstarnews.net/news/articleView.html?idxno=16186291,https://www.topstarnews.net/news/articleView.html?idxno=16186291,https://www.topstarnews.net/news/articleView.html?idxno=16186291,topstarnews.net,NAVER 뉴스 검색,N/A,데이식스,REVIEW_REQUIRED,DATE_NOT_FOUND,DAY6,1,,,naver_news,,dd1f3e1f1f9ce08c553511e5,2026-09-09T08:04:22.590790+09:00
5b0243dde874074506cd0c04,684c3ac43db3fe6b1799e31b,NAVER_NEWS,JYP,Studio J,DAY6,day6,FANMEETING,NEW_EVENT,70,3,2026-09-08T09:12:00+09:00,"데이식스, 인스파이어 아레나 뜬다⋯5번째 공식 팬미팅 개최",인스파이어 아레나 뜬다⋯5번째 공식 팬미팅,,,,NONE,,,N,,인스파이어 아레나,"이투데이=장유진 기자 | 밴드 데이식스(DAY6)가 다섯 번째 공식 팬미팅을 개최한다. JYP엔터테인먼트는 7일 오후 공식 SNS 채널에 데이식스 다섯 번째 공식 팬미팅 '[ 에브리 데이식스, 에브리 마이데이 ](DAY6 5TH...",팬미팅,https://www.etoday.co.kr/news/view/2622926,https://www.etoday.co.kr/news/view/2622926,https://www.etoday.co.kr/news/view/2622926,etoday.co.kr,NAVER 뉴스 검색,N/A,데이식스,REVIEW_REQUIRED,DATE_NOT_FOUND,데이식스,1,,,naver_news,,5b0243dde874074506cd0c04,2026-09-09T08:04:22.590790+09:00
75b509c13eaf139943d24a1b,bd0d70dd9b026ce8cb0567b0,NAVER_NEWS,HYBE,YX LABELS,&TEAM (앤팀),andteam,COMEBACK,NEW_EVENT,66,3,2026-09-08T14:53:00+09:00,"[ET포토] 앤팀, '2번째 미니 앨범 Mark on Me 발표'","[ET포토] , '2번째 미니 앨범 Mark on Me '",,,,NONE,,,N,서울,,"그룹 앤팀(&TEAM/ 의주, 후마, 케이, 니콜라스, 유마, 조, 하루아, 타키, 마키)이 8일 서울 상암 SBS프리즘타워에서 진행된 미니 2집 ‘마크 온 미(Mark on Me) 발매 미디어 쇼케이스 일정에 참석했다.",미니 앨범,https://www.etnews.com/20260908000279,https://www.etnews.com/20260908000279,https://m.entertain.naver.com/article/030/0003464785,etnews.com,NAVER 뉴스 검색,N/A,앤팀,REVIEW_REQUIRED,DATE_NOT_FOUND,앤팀,1,,,naver_news,,75b509c13eaf139943d24a1b,2026-09-09T08:04:22.590790+09:00
6a0cabba1b54e314bce7aa33,67926b4768e51ca4881e4339,NAVER_NEWS,SM,SM Entertainment,MINHO (민호),shinee_minho,COMEBACK,NEW_EVENT,66,3,2026-09-08T11:22:00+09:00,"샤이니 민호, 본격 컴백 활동 돌입",본격 활동 돌입,,,,NONE,,,N,,,"샤이니 민호, 본격 컴백 활동 돌입 (제공: 에스엠엔터테인먼트) 지난 7일 두 번째 미니앨범 ‘Make it hot’(메이크 잇 핫)을 발표한 샤이니 민호가 뜨거운 컴백 활동에 나선다. 오는 10일, 민호는 Mnet...",컴백,https://www.bntnews.co.kr/article/view/bnt202609080161,https://www.bntnews.co.kr/article/view/bnt202609080161,https://www.bntnews.co.kr/article/view/bnt202609080161,bntnews.co.kr,NAVER 뉴스 검색,N/A,샤이니,REVIEW_REQUIRED,DATE_NOT_FOUND,샤이니 민호,1,,,naver_news,,6a0cabba1b54e314bce7aa33,2026-09-09T08:04:22.590790+09:00
37cee062f37f81b6a46fb761,e40dcc36b77af51b4c4f7db1,NAVER_NEWS,HYBE,KOZ,BOYNEXTDOOR (보이넥스트도어),boynextdoor,COMEBACK,NEW_EVENT,66,3,2026-09-08T08:48:00+09:00,"보이넥스트도어, 출입 통제선으로 감싼 'HOME: DELUXE' 컴백 일정 공개",출입 통제선으로 감싼 'HOME: DELUXE',,,,NONE,,,N,,,보이넥스트도어(BOYNEXTDOOR)가 정규 1집 리패키지 발매를 앞두고 컴백까지의 일정을 한눈에 볼 수 있는 스케줄러를 선보였다. 표지판과 출입 통제선 등으로 꾸민 이미지에 동물 실루엣을 연상시키는 요소를 더해 새...,컴백,https://www.topstarnews.net/news/articleView.html?idxno=16186265,https://www.topstarnews.net/news/articleView.html?idxno=16186265,https://www.topstarnews.net/news/articleView.html?idxno=16186265,topstarnews.net,NAVER 뉴스 검색,N/A,보이넥스트도어,REVIEW_REQUIRED,DATE_NOT_FOUND,보이넥스트도어,1,,,naver_news,,37cee062f37f81b6a46fb761,2026-09-09T08:04:22.590790+09:00
358204d26e2f275f08b17e6a,7dd18740927ab30ad520e51c,NAVER_NEWS,SM,솔로/특수,승한앤소울,xnghan_xoul,COMEBACK,NEW_EVENT,66,3,2026-09-08T10:35:00+09:00,"승한앤소울, 일본까지 간다…9일 선공개곡→30일 첫 싱글 발매",일본까지 간다,,,,CONFLICT,,,Y,,,승한의 아티스트 브랜드 승한앤소울(XngHan&Xoul)은 오는 30일 일본 첫 싱글 '하이 빔'(HIGH BEAM)을 발매한다. 이에 앞서 9일 0시에는 수록곡 '후 뉴?'(Who Knew?)의 음원을 선공개한다. '후 뉴?'는 경쾌한 4비트 드럼과 기타...,싱글 발매,https://www.mydaily.co.kr/page/view/2026090810350513931,https://www.mydaily.co.kr/page/view/2026090810350513931,https://m.entertain.naver.com/article/117/0004103044,mydaily.co.kr,NAVER 뉴스 검색,N/A,승한앤소울,REVIEW_REQUIRED,DATE_CONFLICT,승한앤소울,1,,,naver_news,,358204d26e2f275f08b17e6a,2026-09-09T08:04:22.590790+09:00
c9d3ba8bc0fcf278ba1815dc,344d244e86b9cca4d950fd5c,NAVER_NEWS,JYP,Studio J,DAY6,day6,FANMEETING,NEW_EVENT,70,3,2026-09-08T16:30:00+09:00,"JYP 데이식스, 10월 23~25일 공식 팬미팅 개최… 온·오프라인 동시 진행","JYP , 공식 팬미팅",2026-10-23,2026-10-25,2026-10-23|2026-10-24|2026-10-25,HIGH,10월 23~25일,TITLE,N,,,JYP엔터테인먼트(JYP Ent.) 소속 밴드 데이식스(DAY6)가 오는 10월 대규모 공식 팬미팅을 열고 팬들과 만난다. 8일 JYP엔터테인먼트에 따르면 데이식스는 전날 오후 공식 SNS(소셜미디어) 채널을 통해 다섯 번째 공식...,팬미팅,https://www.mt.co.kr/stock/2026/09/08/2026090816200452026,https://www.mt.co.kr/stock/2026/09/08/2026090816200452026,https://n.news.naver.com/mnews/article/008/0005411019?sid=101,mt.co.kr,NAVER 뉴스 검색,N/A,데이식스,REVIEW_REQUIRED,MANUAL_APPROVAL_REQUIRED,데이식스,1,,,naver_news,,c9d3ba8bc0fcf278ba1815dc,2026-09-09T09:28:59.717270+09:00
442924a2a17bb7de1ffa0921,15ffe98d26588bc3f129dbd2,NAVER_NEWS,JYP,Studio J,DAY6,day6,FANMEETING,NEW_EVENT,70,3,2026-09-08T16:16:00+09:00,"데이식스, 10월 23~25일 팬미팅 개최…마이데이와 특별한 가을",DAY6 팬미팅,2026-10-23,2026-10-25,2026-10-23|2026-10-24|2026-10-25,HIGH,10월 23~25일,TITLE,N,,,밴드 데이식스(DAY6)가 오는 10월 사흘간 다섯 번째 공식 팬미팅을 개최하고 팬들과 만난다. JYP엔터테인먼트는 7일 오후 공식 SNS 채널을 통해 데이식스의 다섯 번째 공식 팬미팅 '(데이식스 피프스 팬미팅 '에브리...,팬미팅,http://www.tvdaily.co.kr/read.php3?aid=17888514161801396010,http://www.tvdaily.co.kr/read.php3?aid=17888514161801396010,https://m.entertain.naver.com/article/440/0000044618,tvdaily.co.kr,NAVER 뉴스 검색,N/A,데이식스,REVIEW_REQUIRED,MANUAL_APPROVAL_REQUIRED,데이식스,1,,,naver_news,,442924a2a17bb7de1ffa0921,2026-09-09T09:28:59.717270+09:00
b3521d30a78339034561241e,f7aff63595d837304f160d14,NAVER_NEWS,JYP,5세대 그룹,KickFlip (킥플립),kickflip,COMEBACK,NEW_EVENT,66,3,2026-09-08T11:15:00+09:00,"킥플립, 10월 6일 신보 발매..‘미완성’·‘Kick Off The Wall’ 더블 타...",..‘미완성’·‘Kick Off The Wall’ 더블 타,2026-10-06,2026-10-06,2026-10-06,HIGH,10월 6일,TITLE,N,,,킥플립(KickFlip)이 더블 타이틀곡 ‘미완성’과 ‘Kick Off The Wall (Feat. iann dior)’(킥 오프 더 월(피처링. 이안 디올))로 돌아온다. 킥플립은 오는 10월 6일 새 미니 앨범 ‘KICK OFF THE WALL Pt. 1’(킥...,신보 발매,https://www.heraldmuse.com/article/10866163?ref=naver,https://www.heraldmuse.com/article/10866163?ref=naver,https://m.entertain.naver.com/article/112/0003806710,heraldmuse.com,NAVER 뉴스 검색,N/A,킥플립,REVIEW_REQUIRED,MANUAL_APPROVAL_REQUIRED,킥플립,1,,,naver_news,,b3521d30a78339034561241e,2026-09-09T09:28:59.717270+09:00
161971c9715f45f847be1b96,f428401034352a9ac853a6d5,NAVER_NEWS,JYP,Studio J,DAY6,day6,FANMEETING,NEW_EVENT,72,5,2026-09-08T14:06:00+09:00,"DAY6, 10월 5번째 팬미팅 개최..가을밤 수놓는다",10월 5번째 팬미팅 ..가을밤 수놓는다,2026-10-23,2026-10-25,2026-10-23|2026-10-24|2026-10-25,HIGH,10월 23일부터 25일까지,BODY,N,인천,사흘간 인천 인스파이어 아레나,"밴드 데이식스(DAY6)가 오는 10월 23일부터 25일까지 사흘간 인천 인스파이어 아레나에서 다섯 번째 공식 팬미팅 'DAY6 5TH FANMEETING 'EVERY DAY6, EVERY My Day''를 열고 팬들과 만난다. 소속사 JYP엔터테인먼트는 7일...",팬미팅,http://www.osen.co.kr/article/G1112871829,http://www.osen.co.kr/article/G1112871829,https://m.entertain.naver.com/article/109/0005602859,osen.co.kr,NAVER 뉴스 검색,N/A,데이식스,REVIEW_REQUIRED,MANUAL_APPROVAL_REQUIRED,DAY6,3,http://www.joynews24.com/view/2003297|http://www.beyondpost.co.kr/view.php?ud=202609081025517354d3244b4fed_30,,naver_news,,161971c9715f45f847be1b96,2026-09-09T09:28:59.717270+09:00
e1a811a8f8863ce0810c51dd,5dfb795f3d9112212af26b22,NAVER_NEWS,JYP,Studio J,DAY6,day6,FANMEETING,NEW_EVENT,70,3,2026-09-09T05:26:00+09:00,"데이식스, 마이데이와 필연성을 이야기하다…10월 공식 팬미팅 개최",마이데이와 필연성을 이야기하다,2026-10-23,2026-10-25,2026-10-23|2026-10-24|2026-10-25,HIGH,10월 23일부터 25일까지,BODY,N,인천,인스파이어 아레나,"데이식스(DAY6)가 다음달 다섯 번째 팬미팅을 갖는다. 소속사 JYP엔터테인먼트에 따르면, 데이식스는 오는 10월 23일부터 25일까지 인천 인스파이어 아레나에서 다섯 번째 공식 팬미팅 '에브리 데이식스, 에브리 마이데이...",팬미팅,https://www.spotvnews.co.kr/news/articleView.html?idxno=1006394,https://www.spotvnews.co.kr/news/articleView.html?idxno=1006394,https://m.entertain.naver.com/article/477/0000627193,spotvnews.co.kr,NAVER 뉴스 검색,N/A,데이식스,REVIEW_REQUIRED,MANUAL_APPROVAL_REQUIRED,데이식스,1,,,naver_news,,e1a811a8f8863ce0810c51dd,2026-09-09T09:28:59.717270+09:00
c62fdaba8e024bc3bb881f9f,09196907883f18ab0cd8fd45,NAVER_NEWS,JYP,Studio J,DAY6,day6,FANMEETING,NEW_EVENT,70,3,2026-09-08T20:41:00+09:00,"DAY6(데이식스), 10월 다섯 번째 공식 팬미팅 개최","(데이식스), 10월 다섯 번째 공식 팬미팅",2026-10-23,2026-10-25,2026-10-23|2026-10-24|2026-10-25,HIGH,10월 23일~25일,BODY,N,,,"아이돌밴드 DAY6(데이식스)가 오는 10월 23일~25일 다섯 번째 공식 팬미팅 ‘EVERY DAY6, EVERY My Day’를 개최한다. JYP엔터테인먼트는 지난 7일 SNS 채널에 DAY6 다섯 번째 공식 팬미팅 ‘DAY6 5TH FANMEETING < EVERY...",팬미팅,https://sports.khan.co.kr/article/202609082040003?pt=nv,https://sports.khan.co.kr/article/202609082040003?pt=nv,https://m.entertain.naver.com/article/144/0001136925,sports.khan.co.kr,NAVER 뉴스 검색,N/A,데이식스,REVIEW_REQUIRED,MANUAL_APPROVAL_REQUIRED,DAY6,1,,,naver_news,,c62fdaba8e024bc3bb881f9f,2026-09-09T09:28:59.717270+09:00
2af838dc4de88f1e2fcc060b,52d2104d6c2c4f1f0e3aa0d6,NAVER_NEWS,JYP,Studio J,DAY6,day6,FANMEETING,NEW_EVENT,70,3,2026-09-08T13:46:00+09:00,"데이식스, 가을 팬 소통 프로젝트…다섯 번째 팬미팅 개최",가을 팬 소통 프로젝트,2026-10-23,2026-10-25,2026-10-23|2026-10-24|2026-10-25,HIGH,10월 23~25일,BODY,N,인천,인스파이어 아레나,"밴드 데이식스(DAY6)가 오는 10월 대규모 팬미팅을 개최한다. 데이식스는 7일 공식 SNS에 팬미팅 포스터를 게재하고 오는 10월 23~25일 인천 인스파이어 아레나에서 다섯 번째 공식 팬미팅 'EVERY DAY6, EVERY My Day'(에브리...",팬미팅,https://enter.etoday.co.kr/news/view/302131,https://enter.etoday.co.kr/news/view/302131,https://enter.etoday.co.kr/news/view/302131,enter.etoday.co.kr,NAVER 뉴스 검색,N/A,데이식스,REVIEW_REQUIRED,MANUAL_APPROVAL_REQUIRED,데이식스,1,,,naver_news,,2af838dc4de88f1e2fcc060b,2026-09-09T09:28:59.717270+09:00
83f614f5aa00c5077475beab,301389a9b72bb43ab6018a84,NAVER_NEWS,JYP,Studio J,DAY6,day6,FANMEETING,NEW_EVENT,70,3,2026-09-08T09:41:00+09:00,"데이식스, 10월 팬미팅 개최…마이데이, 가을 추억 남긴다",10월 팬미팅,2026-10-23,2026-10-25,2026-10-23|2026-10-24|2026-10-25,HIGH,10월 23~25일,BODY,N,인천,인스파이어 아레나,"데이식스가 마이데이(팬덤명)과 특별한 시간을 보낸다. 데이식스는 오는 10월 23~25일 인천 인스파이어 아레나에서 5번째 공식 팬미팅 '에브리 데이식스, 에브리 마이데이'(EVERY DAY6, EVERY My Day)를 개최한다....",팬미팅,http://www.dispatch.co.kr/2347554,http://www.dispatch.co.kr/2347554,https://m.entertain.naver.com/article/433/0000130414,dispatch.co.kr,NAVER 뉴스 검색,N/A,데이식스,REVIEW_REQUIRED,MANUAL_APPROVAL_REQUIRED,데이식스,1,,,naver_news,,83f614f5aa00c5077475beab,2026-09-09T09:28:59.717270+09:00
947847c4c9bafa549dcfc10e,2876e53f48707cc4abbafd7a,NAVER_NEWS,HYBE,KOZ,BOYNEXTDOOR (보이넥스트도어),boynextdoor,COMEBACK,NEW_EVENT,66,3,2026-09-08T16:01:00+09:00,"보이넥스트도어, 28일 정규 1집 리패키지 발매…컴백 프로모션 돌입",정규 1집 리패키지 발매,2026-09-28,2026-09-28,2026-09-28,MEDIUM,28일,TITLE,N,,,"보이넥스트도어(BOYNEXTDOOR)가 컴백 카운트다운에 돌입했다. 보이넥스트도어(성호, 리우, 명재현, 태산, 이한, 운학)는 9월 7일 정규 1집 리패키지 ‘HOME: DELUXE’의 스케줄러를 공개했다. 동물의 실루엣을 내세운...",컴백,https://www.newsen.com/news_view.php?uid=202609081554592410,https://www.newsen.com/news_view.php?uid=202609081554592410,https://m.entertain.naver.com/article/609/0001166522,newsen.com,NAVER 뉴스 검색,N/A,보이넥스트도어,REVIEW_REQUIRED,DATE_LOW_CONFIDENCE,보이넥스트도어,1,,,naver_news,,947847c4c9bafa549dcfc10e,2026-09-09T09:28:59.717270+09:00
611c9a8a34e4897f121860dc,3aabf7afb70ebfa2773a47d7,NAVER_NEWS,JYP,Studio J,DAY6,day6,FANMEETING,NEW_EVENT,70,3,2026-09-08T11:07:00+09:00,"데이식스, 인스파이어 아레나 출격…5번째 공식 팬미팅 개최",인스파이어 아레나 출격,2026-09-07,2026-09-07,2026-09-07,MEDIUM,9월 7일,BODY,N,,인스파이어 아레나,"… 10월 My Day(마이데이)와 함께 특별한 가을 추억을 만든다. JYP엔터테인먼트는 지난 9월 7일 오후 공식 SNS 채널을 통해 DAY6의 다섯 번째 공식 팬미팅 'DAY6 5TH FANMEETING ' EVERY DAY6, EVERY My Day...",팬미팅,http://enews.imbc.com/News/RetrieveNewsInfo/517557,http://enews.imbc.com/News/RetrieveNewsInfo/517557,https://m.entertain.naver.com/article/408/0000320804,enews.imbc.com,NAVER 뉴스 검색,N/A,데이식스,REVIEW_REQUIRED,DATE_LOW_CONFIDENCE,데이식스,1,,,naver_news,,611c9a8a34e4897f121860dc,2026-09-09T09:28:59.717270+09:00
94d9537efb1bf91cc3d18ad4,0d31d85eed826c5a36327bbb,NAVER_NEWS,HYBE,빌리프랩,ENHYPEN,enhypen,ADDITIONAL_SHOW,EXPLICIT_ADDITIONAL_SHOW,78,3,2026-09-08T13:26:00+09:00,"세계 휩쓸고 있는 엔하이픈, 베를린·런던 추가 공연 확정","세계 휩쓸고 있는 , 베를린·런던 추가 공연 확정",2026-09-08,2026-09-08,2026-09-08,LOW,오늘(8일),BODY,N,런던,,"그룹 엔하이픈(ENHYPEN)이 추가 공연을 통해 엔진(팬덤명)과 만난다. 엔하이픈(정원, 제이, 제이크, 성훈, 선우, 니키)은 오늘(8일) 공식 팬 플랫폼을 통해 '엔하이픈 월드 투어 '블러드 사가'(ENHYPEN WORLD TOUR 'BLOOD SAGA...",추가 공연,http://enews.imbc.com/News/RetrieveNewsInfo/517588,http://enews.imbc.com/News/RetrieveNewsInfo/517588,https://m.entertain.naver.com/article/408/0000320838,enews.imbc.com,NAVER 뉴스 검색,N/A,엔하이픈,REVIEW_REQUIRED,DATE_LOW_CONFIDENCE,엔하이픈,1,,,naver_news,,94d9537efb1bf91cc3d18ad4,2026-09-09T09:28:59.717270+09:00
774393dbaa7b60cd98680029,3f276c6dc6d7c4d5565bdf8e,NAVER_NEWS,HYBE,빌리프랩,ENHYPEN,enhypen,TOUR_ANNOUNCEMENT,NEW_EVENT,72,3,2026-09-08T11:27:00+09:00,엔하이픈 월드투어 ‘BLOOD SAGA’ 확대..베를린·런던 공연 추가 개최,BLOOD SAGA,2026-09-08,2026-09-08,2026-09-08,LOW,오늘(8일),BODY,N,런던,,"그룹 엔하이픈(ENHYPEN)이 엔진(ENGENE.팬덤명)의 성원에 힘입어 추가 공연을 개최한다. 엔하이픈(정원, 제이, 제이크, 성훈, 선우, 니키)은 오늘(8일) 글로벌 플랫폼 위버스(Weverse) 공식 커뮤니티에 ‘ENHYPEN WORLD...",월드투어,https://www.heraldmuse.com/article/10866224?ref=naver,https://www.heraldmuse.com/article/10866224?ref=naver,https://m.entertain.naver.com/article/112/0003806713,heraldmuse.com,NAVER 뉴스 검색,N/A,엔하이픈,REVIEW_REQUIRED,DATE_LOW_CONFIDENCE,엔하이픈,1,,,naver_news,,774393dbaa7b60cd98680029,2026-09-09T09:28:59.717270+09:00
10af828c81b11071ba9b3bf5,8b924ce501cd31c9707c9f31,NAVER_NEWS,JYP,Studio J,DAY6,day6,FANMEETING,NEW_EVENT,70,3,2026-09-08T21:57:00+09:00,"데이식스, 10월 팬미팅 개최 확정… 포스터부터 동화 같은 분위기",10월 팬미팅 확정,,,,NONE,,,N,,,"DAY6(데이식스)가 오는 10월 사흘간 팬들과 만난다. JYP엔터테인먼트는 지난 7일 오후 공식 SNS 채널을 통해 DAY6의 다섯 번째 공식 팬미팅 ‘DAY6 5TH FANMEETING 'EVERY DAY6, EVERY My Day'’ 개최 소식을 알렸다. DAY6는...",팬미팅,https://mhnse.com/news/articleView.html?idxno=1531583,https://mhnse.com/news/articleView.html?idxno=1531583,https://m.entertain.naver.com/article/445/0000461525,mhnse.com,NAVER 뉴스 검색,N/A,데이식스,REVIEW_REQUIRED,DATE_NOT_FOUND,데이식스,1,,,naver_news,,10af828c81b11071ba9b3bf5,2026-09-09T09:28:59.717270+09:00
1ba1ae91eed74f6bc97267b6,bf1d187046a0a7ca2ea333c2,NAVER_NEWS,JYP,Studio J,DAY6,day6,FANMEETING,NEW_EVENT,70,3,2026-09-08T17:18:00+09:00,"'데이식스', '인천 인스파이어 아레나'서 10월 팬미팅 개최… '비욘드 라...","' ', '인천 인스파이어 아레나'서 10월 팬미팅",,,,NONE,,,N,인천,'인천 인스파이어 아레나,"데이식스(DAY6)가 오는 10월 다섯 번째 공식 팬미팅을 열고 팬들과 만난다. JYP엔터테인먼트 측은 7일 오후 공식 SNS 채널에 DAY6 다섯 번째 공식 팬미팅 'EVERY DAY6, EVERY My Day' 포스터를 게재하며 개최 소식을...",팬미팅,https://www.stardailynews.co.kr/news/articleView.html?idxno=549397,https://www.stardailynews.co.kr/news/articleView.html?idxno=549397,https://www.stardailynews.co.kr/news/articleView.html?idxno=549397,stardailynews.co.kr,NAVER 뉴스 검색,N/A,데이식스,REVIEW_REQUIRED,DATE_NOT_FOUND,데이식스,1,,,naver_news,,1ba1ae91eed74f6bc97267b6,2026-09-09T09:28:59.717270+09:00
b97c649bc9f0f339f6af92bf,31eadb548e0c0d601806d985,NAVER_NEWS,JYP,Studio J,DAY6,day6,FANMEETING,NEW_EVENT,70,3,2026-09-08T09:50:00+09:00,"데이식스, 내달 다섯 번째 공식 팬미팅 개최",내달 다섯 번째 공식 팬미팅,,,,NONE,,,N,,,"데이식스, 내달 다섯 번째 공식 팬미팅 개최 (제공: JYP엔터테인먼트) 데이식스(DAY6)가 오는 10월 다섯 번째 공식 팬미팅을 개최하며 팬들과 만난다. 지난 7일, 소속사 측은 오후 공식 SNS 채널에 DAY6 다섯 번째...",팬미팅,https://www.bntnews.co.kr/article/view/bnt202609080117,https://www.bntnews.co.kr/article/view/bnt202609080117,https://www.bntnews.co.kr/article/view/bnt202609080117,bntnews.co.kr,NAVER 뉴스 검색,N/A,데이식스,REVIEW_REQUIRED,DATE_NOT_FOUND,데이식스,1,,,naver_news,,b97c649bc9f0f339f6af92bf,2026-09-09T09:28:59.717270+09:00
6a0cabba1b54e314bce7aa33,67926b4768e51ca4881e4339,NAVER_NEWS,SM,SM Entertainment,MINHO (민호),shinee_minho,COMEBACK,NEW_EVENT,66,3,2026-09-08T11:22:00+09:00,"샤이니 민호, 본격 컴백 활동 돌입",본격 활동 돌입,,,,NONE,,,N,,,"샤이니 민호, 본격 컴백 활동 돌입 (제공: 에스엠엔터테인먼트) 지난 7일 두 번째 미니앨범 ‘Make it hot’(메이크 잇 핫)을 발표한 샤이니 민호가 뜨거운 컴백 활동에 나선다. 오는 10일, 민호는 Mnet...",컴백,https://www.bntnews.co.kr/article/view/bnt202609080161,https://www.bntnews.co.kr/article/view/bnt202609080161,https://www.bntnews.co.kr/article/view/bnt202609080161,bntnews.co.kr,NAVER 뉴스 검색,N/A,샤이니,REVIEW_REQUIRED,DATE_NOT_FOUND,샤이니 민호,1,,,naver_news,,6a0cabba1b54e314bce7aa33,2026-09-09T09:28:59.717270+09:00
358204d26e2f275f08b17e6a,7dd18740927ab30ad520e51c,NAVER_NEWS,SM,솔로/특수,승한앤소울,xnghan_xoul,COMEBACK,NEW_EVENT,66,3,2026-09-08T10:35:00+09:00,"승한앤소울, 일본까지 간다…9일 선공개곡→30일 첫 싱글 발매",일본까지 간다,,,,CONFLICT,,,Y,,,승한의 아티스트 브랜드 승한앤소울(XngHan&Xoul)은 오는 30일 일본 첫 싱글 '하이 빔'(HIGH BEAM)을 발매한다. 이에 앞서 9일 0시에는 수록곡 '후 뉴?'(Who Knew?)의 음원을 선공개한다. '후 뉴?'는 경쾌한 4비트 드럼과 기타...,싱글 발매,https://www.mydaily.co.kr/page/view/2026090810350513931,https://www.mydaily.co.kr/page/view/2026090810350513931,https://m.entertain.naver.com/article/117/0004103044,mydaily.co.kr,NAVER 뉴스 검색,N/A,승한앤소울,REVIEW_REQUIRED,DATE_CONFLICT,승한앤소울,1,,,naver_news,,358204d26e2f275f08b17e6a,2026-09-09T09:28:59.717270+09:00
58e7cf6cdfb7e604472e1aa5,596eda8acaf33f16482200bc,NAVER_NEWS,YG,그룹/멤버 분리,BIGBANG (빅뱅),bigbang,TOUR_ANNOUNCEMENT,NEW_EVENT,72,3,2026-09-09T22:04:00+09:00,"빅뱅, 11월 월드투어 홍콩 콘서트 개최…예매 방법?",11월 월드투어 홍콩 콘서트,2026-11-13,2026-11-15,2026-11-13|2026-11-14|2026-11-15,HIGH,11월 13일부터 15일까지,BODY,N,홍콩,,빅뱅(BIGBANG)의 월드투어 콘서트 홍콩 공연 예매 일정이 공개됐다. 9일 텐센트 뮤직 엔터테인먼트 그룹(TME)에 따르면 '빅뱅 2026-2027 월드투어 'XX: COSMOS' 인 홍콩' 공연은 오는 11월 13일부터 15일까지 홍콩...,"월드투어, 콘서트 개최",https://www.topstarnews.net/news/articleView.html?idxno=16188164,https://www.topstarnews.net/news/articleView.html?idxno=16188164,https://www.topstarnews.net/news/articleView.html?idxno=16188164,topstarnews.net,NAVER 뉴스 검색,N/A,BIGBANG,REVIEW_REQUIRED,MANUAL_APPROVAL_REQUIRED,빅뱅,1,,,naver_news,,58e7cf6cdfb7e604472e1aa5,2026-09-10T09:28:59.132667+09:00
aa2b554d09fcea3ccbe55853,6915d2e675ed6e7fbd1f9ab9,NAVER_NEWS,HYBE,YX LABELS,&TEAM (앤팀),andteam,COMEBACK,NEW_EVENT,72,9,2026-09-10T08:41:00+09:00,"앤팀(&TEAM), 4연속 밀리언 달성…신보 발매 첫날 122만장 팔렸다","앤팀( ), 4연속 밀리언 달성",,,,NONE,,,N,,,"하이브 글로벌 보이 그룹 '앤팀(&TEAM)'이 한국 미니 2집으로 첫날 밀리언셀러를 기록하며 4연속 기록을 세웠다. 10일 음반 판매량 집계 사이트 한터차트에 따르면, 지난 8일 발매된 앤팀의 미니 2집 '마크 온 미...",신보 발매,https://www.newsis.com/view/NISX20260910_0003783481,https://www.newsis.com/view/NISX20260910_0003783481,https://m.entertain.naver.com/article/003/0014181083,newsis.com,NAVER 뉴스 검색,N/A,앤팀,REVIEW_REQUIRED,DATE_NOT_FOUND,&TEAM,1,,,naver_news,,aa2b554d09fcea3ccbe55853,2026-09-10T09:28:59.132667+09:00
e16d4d7c0e316a222881e06c,0cdf6fba2159c20c27436505,NAVER_NEWS,JYP,JYP Japan,NEXZ (넥스지),nexz,TOUR_ANNOUNCEMENT,NEW_EVENT,72,3,2026-09-09T17:02:00+09:00,"'JYP 보이그룹' 넥스지, 데뷔 첫 亞 투어 개최⋯10월 포문","'JYP 보이그룹' , 데뷔 첫 亞 투어 ⋯10월 포문",,,,NONE,,,N,,,JYP엔터테인먼트 보이그룹 NEXZ(넥스지)가 새 앨범 'SAUCIN''(쏘씬) 활동으로 존재감을 빛냈다. ​NEXZ는... 넥스지 단체 콘셉트 포토 [사진=JYP엔터테인먼트] ​NEXZ는 역동적인 음악색을 보여주며 앨범 콘셉트를...,투어 개최,http://www.joynews24.com/view/2003874,http://www.joynews24.com/view/2003874,http://www.joynews24.com/view/2003874,joynews24.com,NAVER 뉴스 검색,N/A,넥스지,REVIEW_REQUIRED,DATE_NOT_FOUND,넥스지,1,,,naver_news,,e16d4d7c0e316a222881e06c,2026-09-10T09:28:59.132667+09:00
7790ccfb25ed709fe3ad8038,0a4c235b2c95e05fc9e7dbb3,NAVER_NEWS,HYBE,빌리프랩,EVAN (이반),evan,COMEBACK,NEW_EVENT,66,3,2026-09-10T03:41:00+09:00,"솔로 아티스트 에반(EVAN), 신보 발매 이틀째 글로벌 차트서 선전","솔로 아티스트 에반( ), 이틀째 글로벌 차트서 선전",,,,NONE,,,N,,,“다양한 곡들로 온전히 자신을 담아낸 앨범” 지난 7일 공개된 에반의 미니 1집 ‘DEATH OF ME’는 전 세계 11개 국가/지역 아이튠즈 ‘톱 앨범’ 1위를 차지했고 32개 국가/지역 차트 순위권에 들었다. 앨범과 동명의...,신보 발매,https://sports.khan.co.kr/article/202609100340003?pt=nv,https://sports.khan.co.kr/article/202609100340003?pt=nv,https://m.entertain.naver.com/article/144/0001137233,sports.khan.co.kr,NAVER 뉴스 검색,N/A,EVAN,REVIEW_REQUIRED,DATE_NOT_FOUND,EVAN,1,,,naver_news,,7790ccfb25ed709fe3ad8038,2026-09-10T09:28:59.132667+09:00
f7e2f0871c50c6a5afb9b4b0,4ae0aaa2d91b5fe7916faef4,NAVER_NEWS,HYBE,YX LABELS,&TEAM (앤팀),andteam,COMEBACK,NEW_EVENT,66,3,2026-09-09T11:24:00+09:00,"&TEAM, 신보 발매 첫날 122만 장 돌파…4연속 밀리언셀러 달성",첫날 122만 장 돌파,2026-09-09,2026-09-09,2026-09-09,MEDIUM,오늘(9일),ENRICHED_BODY,N,,,하이브 글로벌 그룹 &TEAM(앤팀)이 한국 미니 2집 'Mark on Me'로 발매 첫날 122만 장 이상의 판매고를 올리며 네 작품 연속 밀리언셀러를 달성했다. 9일 한터차트에 따르면 &TEAM의 'Mark on Me'는 발매일인...,신보 발매,https://ent.sbs.co.kr/news/article.do?article_id=E10010321832&plink=ORI&cooper=NAVER,https://ent.sbs.co.kr/news/article.do?article_id=E10010321832&plink=ORI&cooper=NAVER,https://m.entertain.naver.com/article/416/0000326520,ent.sbs.co.kr,NAVER 뉴스 검색,N/A,앤팀,REVIEW_REQUIRED,DATE_ENRICHED_REVIEW,&TEAM,4,https://www.bntnews.co.kr/article/view/bnt202609090160|https://www.heraldmuse.com/article/10867446?ref=naver,,naver_news,,f7e2f0871c50c6a5afb9b4b0,2026-09-10T09:28:59.132667+09:00
b451fcc39393ae3a2fed6bd1,7f05e9e2529a9373c991dbb4,NAVER_NEWS,SM,SM Entertainment,IRENE & SEULGI,irene_seulgi,TOUR_ANNOUNCEMENT,NEW_EVENT,72,3,2026-09-10T09:40:00+09:00,"레드벨벳-아이린&슬기, 日 데뷔…11월 4일 첫 미니앨범 발매→투어 개최","레드벨벳- , 日 데뷔",2026-11-04,2026-11-04,2026-11-04,HIGH,11월 4일,TITLE,N,,,"▲ 레드벨벳-아이린&슬기 폭넓은 음악 스펙트럼과 탁월한 콘셉트 소화력, 완성도 높은 퍼포먼스를 바탕으로 독보적인 색깔을 구축하며 글로벌 팬들의 폭넓은 사랑을 받는 레드벨벳-아이린&슬기가 일본에서...","미니앨범, 앨범 발매, 투어 개최",https://swtvnews.com/news/newsview.php?ncode=1065572815628703,https://swtvnews.com/news/newsview.php?ncode=1065572815628703,https://swtvnews.com/news/newsview.php?ncode=1065572815628703,swtvnews.com,NAVER 뉴스 검색,N/A,레드벨벳,REVIEW_REQUIRED,MANUAL_APPROVAL_REQUIRED,아이린&슬기,3,http://www.joynews24.com/view/2004263|https://www.news1.kr/entertain/music/6285984,,naver_news,,b451fcc39393ae3a2fed6bd1,2026-09-11T09:26:43.074563+09:00
c87fa017e48e2637510df2d0,91aa4ca8939a7d91609fd43e,NAVER_NEWS,SM,SM Entertainment,IRENE & SEULGI,irene_seulgi,COMEBACK,NEW_EVENT,69,3,2026-09-10T14:00:00+09:00,"레드벨벳 아이린&슬기, 일본 정식 유닛 데뷔…11월 첫 미니앨범 발매","레드벨벳 , 일본 정식 유닛 데뷔",2026-11-04,2026-11-04,2026-11-04,MEDIUM,11월 4일,BODY,N,,,SM엔터테인먼트 그룹 레드벨벳의 유닛 아이린&슬기가 일본에서 첫 미니앨범을 발매하며 정식 유닛 데뷔에 나선다. 아이린&슬기는 오는 11월 4일 일본 첫 미니앨범 '치타'(Cheetah)를 현지에서 발매한다. 이에 앞서 오는 9월...,"미니앨범, 앨범 발매",http://www.queen.co.kr/news/articleView.html?idxno=463145,http://www.queen.co.kr/news/articleView.html?idxno=463145,http://www.queen.co.kr/news/articleView.html?idxno=463145,queen.co.kr,NAVER 뉴스 검색,N/A,레드벨벳,REVIEW_REQUIRED,DATE_LOW_CONFIDENCE,아이린&슬기,2,https://sports.donga.com/ent/article/all/20260910/134644703/1,,naver_news,,c87fa017e48e2637510df2d0,2026-09-11T09:26:43.074563+09:00
7621112add0838613bd2dad7,aec8d9272c020ef969bcd82c,NAVER_NEWS,JYP,JYP Japan,NiziU (니쥬),niziu,COMEBACK,NEW_EVENT,68,5,2026-09-10T10:32:00+09:00,"니쥬, 1년 6개월 만의 韓 컴백..신보 'Sour Grapes' 스케줄러 오픈",Sour Grapes,2026-09-28,2026-09-28,2026-09-28,MEDIUM,9월 28일,BODY,N,,,JYP엔터테인먼트 소속 걸그룹 NiziU(니쥬)가 오는 9월 28일 오후 6시 국내 첫 미니 앨범 'Sour Grapes'(사워... NiziU는 올해 일본에서 발매한 EP 2집 'GOOD GIRL BUT NOT FOR YOU'(굿 걸 벗 낫 포 유)와 첫 베스트 앨범 'Portfolio...,컴백,http://www.osen.co.kr/article/G1112873034,http://www.osen.co.kr/article/G1112873034,https://m.entertain.naver.com/article/109/0005604027,osen.co.kr,NAVER 뉴스 검색,N/A,NiziU,REVIEW_REQUIRED,DATE_LOW_CONFIDENCE,니쥬,2,https://sports.khan.co.kr/article/202609110519003?pt=nv,,naver_news,,7621112add0838613bd2dad7,2026-09-11T09:26:43.074563+09:00
30ef3123f4273b4050844a7c,4eb801b2b7792043ead46e22,NAVER_NEWS,SM,SM Entertainment,IRENE & SEULGI,irene_seulgi,COMEBACK,NEW_EVENT,66,3,2026-09-10T10:59:00+09:00,"레드벨벳-아이린&슬기, 日 데뷔…앨범 발매 후 투어","레드벨벳- , 日 데뷔",2026-09-14,2026-09-14,2026-09-14,MEDIUM,9월 14일,BODY,N,후쿠오카,,9월 14일 전곡 음원 공개 후 11월 피지컬 앨범 발매 19일 후쿠오카 시작으로 일본 투어 돌입 걸그룹 레드벨벳 유닛 아이린&슬기가 일본 공략에 나선다. 10일 소속사 SM엔터테인먼트에 따르면 아이린&슬기는 11월...,앨범 발매,https://news.tf.co.kr/read/entertain/2364253.htm,https://news.tf.co.kr/read/entertain/2364253.htm,https://m.entertain.naver.com/article/629/0000532518,news.tf.co.kr,NAVER 뉴스 검색,N/A,레드벨벳,REVIEW_REQUIRED,DATE_LOW_CONFIDENCE,아이린&슬기,1,,,naver_news,,30ef3123f4273b4050844a7c,2026-09-11T09:26:43.074563+09:00
6b79e5eb4c3468ff8c7f9c26,d4ab297dea2050feb13786a9,NAVER_NEWS,SM,2세대 그룹,소녀시대,girls_generation,TOUR_ANNOUNCEMENT,NEW_EVENT,74,5,2026-09-10T23:04:00+09:00,"유리, 소녀시대 20주년 월드투어 언급 ""회의 시작했다"" ('식빵언니')","유리, 20주년 월드투어 언급 ""회의 시작했다"" ('식빵언니')",,,,NONE,,,N,,,그룹 소녀시대 멤버 유리가 20주년 준비를 시작했다고 밝혔다. 10일 유튜브 채널 '식빵언니 김연경'에는 '뭐 이딴 게임이 다 있니?｜리미트립'이라는 제목의 영상이 게재됐다. 이날 김연경은 촬영 중 카페에서 휴식을...,월드투어,http://www.osen.co.kr/article/G1112873589,http://www.osen.co.kr/article/G1112873589,https://m.entertain.naver.com/article/109/0005604550,osen.co.kr,NAVER 뉴스 검색,N/A,소녀시대,REVIEW_REQUIRED,DATE_NOT_FOUND,소녀시대,1,,,naver_news,,6b79e5eb4c3468ff8c7f9c26,2026-09-11T09:26:43.074563+09:00
c9d55dd96bb302a0acd0620b,9a51c68977eab813139a8252,NAVER_NEWS,YG,그룹/멤버 분리,BLACKPINK,blackpink,COMEBACK,NEW_EVENT,66,3,2026-09-10T22:14:00+09:00,"""특별했던 하루""…블랙핑크 지수, 'CLICK' 발매→솔로 컴백 후 해외 일정...","""특별했던 하루""",,,,NONE,,,N,뉴욕,,"지수가 블랙핑크가 아닌 솔로로 컴백한 가운데 뉴욕에서의 근황을 알렸다. 지난 9일 지수는 자신의 개인 인스타그램 계정을 통해 ""뉴역에서의 특별했던 하루""라는 글과 함께 여러 장의 사진을 게재했다. 함께 공개된...",컴백,https://www.topstarnews.net/news/articleView.html?idxno=16189232,https://www.topstarnews.net/news/articleView.html?idxno=16189232,https://www.topstarnews.net/news/articleView.html?idxno=16189232,topstarnews.net,NAVER 뉴스 검색,N/A,블랙핑크,REVIEW_REQUIRED,DATE_NOT_FOUND,블랙핑크,1,,,naver_news,,c9d55dd96bb302a0acd0620b,2026-09-11T09:26:43.074563+09:00
fb26dcd694dc61a70d7f2f52,4caf8250e4a3fce0a29ac164,NAVER_NEWS,SM,SM Entertainment,IRENE & SEULGI,irene_seulgi,TOUR_ANNOUNCEMENT,NEW_EVENT,72,3,2026-09-10T18:04:00+09:00,"아이린&슬기, 日 전격 데뷔…첫 미니앨범 발매→7개 도시 투어 개최 '하...",日 전격 데뷔,,,,CONFLICT,,,Y,,,레드벨벳-아이린&슬기가 일본 음악시장에 데뷔한다. 아이린&슬기는 11월 4일 일본에서 첫 미니앨범 '치타'(Cheetah)를 발표한다. 이보다 앞서 전곡 음원을 9월 14일 선공개한다. 아이린&슬기 첫 일본 앨범 '치타'는 밝고...,"미니앨범, 앨범 발매, 투어 개최",https://www.spotvnews.co.kr/news/articleView.html?idxno=1006807,https://www.spotvnews.co.kr/news/articleView.html?idxno=1006807,https://m.entertain.naver.com/article/477/0000627498,spotvnews.co.kr,NAVER 뉴스 검색,N/A,레드벨벳,REVIEW_REQUIRED,DATE_CONFLICT,아이린&슬기,1,,,naver_news,,fb26dcd694dc61a70d7f2f52,2026-09-11T09:26:43.074563+09:00
7bb1a1d2ad7940fa2fa481ba,c3c726582f634c33725e7729,NAVER_NEWS,SM,5세대 그룹,Hearts2Hearts (하츠투하츠),hearts2hearts,CONCERT,NEW_EVENT,73,5,2026-09-11T14:18:00+09:00,"하츠투하츠, 스포티파이와 특급 콜라보..10월 2일 특별 공연 개최",스포티파이와 특급 콜라보.. 특별 공연,2026-10-02,2026-10-02,2026-10-02,HIGH,10월 2일,TITLE,N,서울,,그룹 하츠투하츠(Hearts2Hearts)가 세계 최대 음원 플랫폼 스포티파이(Spotify)의 새로운 프로젝트 ‘스포티파이 클로저(Spotify CLOSER)’의 첫 번째 아티스트로 발탁됐다. '스포티파이 클로저'는 국내 유망 아티스트를 집중...,공연 개최,http://www.osen.co.kr/article/G1112873928,http://www.osen.co.kr/article/G1112873928,https://m.entertain.naver.com/article/109/0005604913,osen.co.kr,NAVER 뉴스 검색,N/A,하츠투하츠,REVIEW_REQUIRED,MANUAL_APPROVAL_REQUIRED,하츠투하츠,3,http://www.breaknews.com/1235985|http://www.beyondpost.co.kr/view.php?ud=202609111451276853d3244b4fed_30,,naver_news,,7bb1a1d2ad7940fa2fa481ba,2026-09-12T09:31:57.453640+09:00
b25f860bc4e0d07ed7bd6594,90e22f085ec31d9341d73011,NAVER_NEWS,SM,4세대 그룹,aespa,aespa,COMEBACK,NEW_EVENT,66,3,2026-09-11T18:02:00+09:00,에스파 솔로곡 온다…14일 스페셜 디지털 싱글 발매,솔로곡 온다,2026-09-14,2026-09-14,2026-09-14,MEDIUM,14일,TITLE,N,,,그룹 에스파가 네 번째 단독 콘서트에서 선보인 멤버별 솔로곡을 음원으로 발매한다. 에스파는 오는 14일 오후 6시 각종 음원 사이트를 통해 '싱크 : 컴플랙시티 - 2026 스페셜 디지털 싱글'(SYNK : COMPLaeXITY...,싱글 발매,https://www.mydaily.co.kr/page/view/2026091118010416305,https://www.mydaily.co.kr/page/view/2026091118010416305,https://m.entertain.naver.com/article/117/0004104421,mydaily.co.kr,NAVER 뉴스 검색,N/A,에스파,REVIEW_REQUIRED,DATE_LOW_CONFIDENCE,에스파,1,,,naver_news,,b25f860bc4e0d07ed7bd6594,2026-09-12T09:31:57.453640+09:00
31e8a5425e2127e4e6c63b82,91e1a1e569f3fa0e0646bd0e,NAVER_NEWS,SM,4세대 그룹,aespa,aespa,COMEBACK,NEW_EVENT,66,3,2026-09-11T17:22:00+09:00,"에스파, 14일 디지털 싱글 발매...멤버들 직접 '작사·작곡' 참여",디지털 싱글 발매,2026-09-14,2026-09-14,2026-09-14,MEDIUM,14일,TITLE,N,,,"걸그룹 에스파가 9월 14일 오후 6시 '싱크 : 컴플랙시티 – 2026 스페셜 디지털 싱글(SYNK : COMPLaeXITY... 에스파는 현재 북미와 남미, 유럽을 포함한 총 25개 지역에서 네 번째 월드투어를 진행하고 있다. 또...",싱글 발매,https://mhnse.com/news/articleView.html?idxno=1538082,https://mhnse.com/news/articleView.html?idxno=1538082,https://m.entertain.naver.com/article/445/0000463181,mhnse.com,NAVER 뉴스 검색,N/A,에스파,REVIEW_REQUIRED,DATE_LOW_CONFIDENCE,에스파,1,,,naver_news,,31e8a5425e2127e4e6c63b82,2026-09-12T09:31:57.453640+09:00
31c0e8b75940656ea46d3b16,2b5462c083146f4ac8f5ee38,NAVER_NEWS,HYBE,KOZ,BOYNEXTDOOR (보이넥스트도어),boynextdoor,ADDITIONAL_SHOW,EXPLICIT_ADDITIONAL_SHOW,78,3,2026-09-11T11:25:00+09:00,보이넥스트도어 첫 월드투어가 이 정도…대만 추가 회차도 매진,첫 월드투어가 이 정도,,,,NONE,,,N,,,"소속사 KOZ 엔터테인먼트의 대표 프로듀서이자 아티스트 지코(ZICO)를 비롯해 명재현, 태산, 운학이 곡 작업에 참여했다. 보이넥스트도어는 오는 11일과 12일 새 앨범의 콘셉트를 엿볼 수 있는 스페셜 리포트 비디오...","월드투어, 추가 회차",https://www.newsen.com/news_view.php?uid=202609111122132410,https://www.newsen.com/news_view.php?uid=202609111122132410,https://m.entertain.naver.com/article/609/0001167897,newsen.com,NAVER 뉴스 검색,N/A,ZICO,REVIEW_REQUIRED,DATE_NOT_FOUND,보이넥스트도어,1,,,naver_news,,31c0e8b75940656ea46d3b16,2026-09-12T09:31:57.453640+09:00
9001235abc6a5168c6869001,d7f5e66180078aa63f34f9af,NAVER_NEWS,SM,SM Entertainment,SUHO (수호),exo_suho,TOUR_ANNOUNCEMENT,NEW_EVENT,72,3,2026-09-11T22:38:00+09:00,"엑소 수호, 페라가모 행사서 여유로운 포즈…월드투어 이어 앙코르 준비",페라가모 행사서 여유로운 포즈,,,,NONE,,,N,,,"그룹 엑소(EXO) 수호(김준면, 35세)가 패션 브랜드 행사 사진으로 근황을 전했다. 야간 야외 공간에서... 한편, 엑소는 2026년 여섯 번째 단독 콘서트 투어 'EXO PLANET #6 - EXhOrizon'을 통해 전 세계 14개 지역에서 27회 공연을...",월드투어,https://www.topstarnews.net/news/articleView.html?idxno=16190342,https://www.topstarnews.net/news/articleView.html?idxno=16190342,https://www.topstarnews.net/news/articleView.html?idxno=16190342,topstarnews.net,NAVER 뉴스 검색,N/A,EXO,REVIEW_REQUIRED,DATE_NOT_FOUND,엑소 수호,1,,,naver_news,,9001235abc6a5168c6869001,2026-09-12T09:31:57.453640+09:00
4ac18ff8369753b58333fdbc,465cf1aa892da07f571fbed8,NAVER_NEWS,HYBE,YX LABELS,&TEAM (앤팀),andteam,COMEBACK,NEW_EVENT,68,5,2026-09-11T11:28:00+09:00,"앤팀(&TEAM), 발매 첫날 밀리언셀러..'Mark on Me' 컴백 무대 잔혹동화 완...","앤팀( ), 발매 첫날 밀리언셀러..'Mark on Me' 무대 잔혹동화 완",,,,NONE,,,N,,,"‘하이브 글로벌 그룹’ &TEAM(앤팀)이 신곡 ‘Mark on Me’로 압도적인 컴백 첫 무대를 선보이며 늑대 서사의 새로운 챕터를 성공적으로 열었다. &TEAM(의주, 후마, 케이, 니콜라스, 유마, 조, 하루아, 타키, 마키)...",컴백,http://www.osen.co.kr/article/G1112873822,http://www.osen.co.kr/article/G1112873822,https://m.entertain.naver.com/article/109/0005604809,osen.co.kr,NAVER 뉴스 검색,N/A,앤팀,REVIEW_REQUIRED,DATE_NOT_FOUND,&TEAM,1,,,naver_news,,4ac18ff8369753b58333fdbc,2026-09-12T09:31:57.453640+09:00
415955636b4828b678f9393d,ace9b04748bc51d48d05c9b6,NAVER_NEWS,SM,4세대 그룹,RIIZE,riize,COMEBACK,NEW_EVENT,71,5,2026-09-14T08:17:00+09:00,"라이즈, 내년 정규 2집 컴백 확정..10월 26일 프롤로그 싱글 발매[공식]",내년 정규 2집 확정.. 프롤로그 싱글 발매[공식],2027-10-26,2027-10-26,2027-10-26,HIGH,10월 26일,TITLE,N,,,"RIIZE : ON AIR)’를 진행한 가운데, 내년 봄 정규 2집 발표를 알렸다. 이번 라이즈의 팬미팅은 양일 전석 매진되면 2만 3000여 명의 팬들이 모였다. 라이즈는 공연 종료 후 공개한 특별 영상을 통해 다가오는 10월 26일...","싱글 발매, 컴백",http://www.osen.co.kr/article/G1112875375,http://www.osen.co.kr/article/G1112875375,https://m.entertain.naver.com/article/109/0005606316,osen.co.kr,NAVER 뉴스 검색,N/A,RIIZE,REVIEW_REQUIRED,MANUAL_APPROVAL_REQUIRED,라이즈,1,,,naver_news,,415955636b4828b678f9393d,2026-09-14T09:21:40.780716+09:00
6309816948aef61ae1ff8c2f,9167f67e308cd15032f1e508,NAVER_NEWS,SM,4세대 그룹,RIIZE,riize,COMEBACK,NEW_EVENT,66,3,2026-09-14T08:52:00+09:00,"라이즈, 10월 컴백→내년 봄 정규 2집 발표 청사진",10월 →내년 봄 정규 2집 청사진,2026-10-26,2026-10-26,2026-10-26,MEDIUM,10월 26일,BODY,N,,,RIIZE : ON AIR)’를 개최했다. 양일간 전석 매진을 기록하며 총 2만 3000여 명의 관객을 동원해 막강한 티켓 파워를 입증했다. 이날 공연의 하이라이트는 종료 직후 상영된 특별 영상이었다. 영상에는 오는 10월 26일...,컴백,https://sports.donga.com/ent/article/all/20260914/134661520/1,https://sports.donga.com/ent/article/all/20260914/134661520/1,https://m.entertain.naver.com/article/382/0001293816,sports.donga.com,NAVER 뉴스 검색,N/A,RIIZE,REVIEW_REQUIRED,DATE_LOW_CONFIDENCE,라이즈,1,,,naver_news,,6309816948aef61ae1ff8c2f,2026-09-14T09:21:40.780716+09:00
cfdb1b0655c1ba790ba332f1,2f0ab529d8b202f9fd9e35f1,NAVER_NEWS,SM,4세대 그룹,RIIZE,riize,COMEBACK,NEW_EVENT,66,3,2026-09-14T08:45:00+09:00,"라이즈, 내년 정규 2집 컴백 확정…10월 프롤로그 싱글로 '본격 예열'",내년 정규 2집 확정,2026-09-12,2026-09-13,2026-09-12|2026-09-13,MEDIUM,12~13일,BODY,N,인천,인스파이어 아레나,"그룹 라이즈(RIIZE)가 오는 2027년 봄, 두 번째 정규 앨범을 발매한다. 라이즈는 지난 12~13일 인천 인스파이어 아레나에서 데뷔 3주년 기념 팬미팅 '채널 라이즈 : 온 에어(Ch. RIIZE : ON AIR)'를 개최하고 양일 총 2만3,000여...",컴백,https://www.spotvnews.co.kr/news/articleView.html?idxno=1007284,https://www.spotvnews.co.kr/news/articleView.html?idxno=1007284,https://m.entertain.naver.com/article/477/0000627934,spotvnews.co.kr,NAVER 뉴스 검색,N/A,RIIZE,REVIEW_REQUIRED,DATE_LOW_CONFIDENCE,라이즈,1,,,naver_news,,cfdb1b0655c1ba790ba332f1,2026-09-14T09:21:40.780716+09:00
e16276bebe2491c54609de53,5533c251b254753e62497f1e,NAVER_NEWS,SM,4세대 그룹,RIIZE,riize,COMEBACK,NEW_EVENT,66,3,2026-09-14T08:16:00+09:00,"라이즈, 2027년 봄 정규 2집 온다⋯내달 프롤로그 싱글 발매",2027년 봄 정규 2집 온다⋯내달 프롤로그 싱글 발매,2026-09-12,2026-09-13,2026-09-12|2026-09-13,LOW,12~13일,BODY,N,인천,인스파이어 아레나,라이즈(RIIZE)가 데뷔 3주년 기념 팬미팅에서 활동 스포일러를 내놔 눈길을 끌었다. 12~13일 인천 인스파이어 아레나에서는 360도 전체 개방된 규모로 라이즈 데뷔 3주년 기념 팬미팅 ‘채널 라이즈 : 온 에어(Ch. RIIZE...,싱글 발매,https://www.etoday.co.kr/news/view/2624950,https://www.etoday.co.kr/news/view/2624950,https://www.etoday.co.kr/news/view/2624950,etoday.co.kr,NAVER 뉴스 검색,N/A,RIIZE,REVIEW_REQUIRED,DATE_LOW_CONFIDENCE,라이즈,1,,,naver_news,,e16276bebe2491c54609de53,2026-09-14T09:21:40.780716+09:00
517697be386bcaaefc4ab303,5de27ab89638d56145ccf1f0,NAVER_NEWS,SM,4세대 그룹,NCT WISH,nct_wish,COMEBACK,NEW_EVENT,71,8,2026-09-14T10:07:00+09:00,"NCT WISH, 연타석 흥행 나선다…10월 12일 ‘I SPY’ 컴백",연타석 흥행 나선다,2026-10-12,2026-10-12,2026-10-12,HIGH,10월 12일,TITLE,N,,,그룹 NCT WISH(엔시티 위시)가 10월 12일 컴백한다. NCT WISH는 오는 10월 12일 오후 6시 각종 음원 사이트를 통해 네 번째 미니앨범 ‘I SPY’(아이 스파이)를 발매한다. 신보에는 동명의 타이틀곡 ‘I SPY’를...,컴백,https://www.mk.co.kr/article/12151770,https://www.mk.co.kr/article/12151770,https://m.entertain.naver.com/article/009/0005734671,mk.co.kr,NAVER 뉴스 검색,N/A,엔시티 위시,REVIEW_REQUIRED,MANUAL_APPROVAL_REQUIRED,NCT WISH,4,https://swtvnews.com/news/newsview.php?ncode=1065576261303107|https://www.tenasia.co.kr/article/2026091423724|https://www.heraldmuse.com/article/10872200?ref=naver,,naver_news,,517697be386bcaaefc4ab303,2026-09-15T09:50:51.899912+09:00
f14126cf579bea06f66fa2ad,d2512e4e63e07bc6b0cb402c,NAVER_NEWS,HYBE,빌리프랩,ILLIT (아일릿),illit,COMEBACK,NEW_EVENT,68,5,2026-09-14T11:36:00+09:00,"아일릿, 연타석 흥행 도전..10월 26일 'BREAK EVEN' 컴백 확정",연타석 흥행 도전.. 'BREAK EVEN' 확정,2026-10-26,2026-10-26,2026-10-26,HIGH,10월 26일,TITLE,N,,,그룹 아일릿이 약 6개월 만에 컴백한다. 소속사 빌리프랩은 14일 “아일릿이 오는 10월 26일 미니 5집 ‘브레이크 이븐(BREAK EVEN)’을 발표한다”고 밝혔다. 이로써 아일릿은 지난 4월 발표했던 미니 4집...,컴백,http://www.osen.co.kr/article/G1112875415,http://www.osen.co.kr/article/G1112875415,https://m.entertain.naver.com/article/109/0005606369,osen.co.kr,NAVER 뉴스 검색,N/A,아일릿,REVIEW_REQUIRED,MANUAL_APPROVAL_REQUIRED,아일릿,1,,,naver_news,,f14126cf579bea06f66fa2ad,2026-09-15T09:50:51.899912+09:00
57087f70208f21c5d1aa5140,26c3db318bae46604ad08f3d,NAVER_NEWS,SM,4세대 그룹,NCT WISH,nct_wish,COMEBACK,NEW_EVENT,68,5,2026-09-14T10:09:00+09:00,"[공식] 1년 2컴백 확정..NCT WISH, 10월 12일 미니 4집 발매","[공식] 1년 2 확정.. , 미니 4집 발매",2026-10-12,2026-10-12,2026-10-12,HIGH,10월 12일,TITLE,N,,,보이 그룹 NCT WISH(엔시티 위시)가 10월 컴백한다. NCT WISH는 10월 12일 오후 6시 각종 온라인 음원 사이트를 통해 네 번째 미니앨범 'I SPY'(아이 스파이)를 발매한다. 동명의 타이틀곡 'I SPY'를 포함한 다양한...,컴백,https://www.starnewskorea.com/music/2026/09/14/2026091410045383155,https://www.starnewskorea.com/music/2026/09/14/2026091410045383155,https://m.entertain.naver.com/article/108/0003470288,starnewskorea.com,NAVER 뉴스 검색,N/A,엔시티 위시,REVIEW_REQUIRED,MANUAL_APPROVAL_REQUIRED,NCT WISH,1,,,naver_news,,57087f70208f21c5d1aa5140,2026-09-15T09:50:51.899912+09:00
68652b26dddf22fe36d1f89b,a7448d00344b21ff1779ca34,NAVER_NEWS,HYBE,빌리프랩,ILLIT (아일릿),illit,COMEBACK,NEW_EVENT,66,3,2026-09-14T13:14:00+09:00,"아일릿 컴백, 10월 26일 미니 5집 ‘브레이크 이븐’ 발매..연타석 흥행...",브레이크 이븐,2026-10-26,2026-10-26,2026-10-26,HIGH,10월 26일,TITLE,N,,,"브레이크뉴스 박동제 기자= ‘대세 아이돌’ 그룹 아일릿(ILLIT / 윤아, 민주, 모카... 않겠다는 아일릿의 솔직한 선언을 담은 앨범이다. 그동안 ‘너’를 향해...",컴백,http://www.breaknews.com/1236328,http://www.breaknews.com/1236328,http://www.breaknews.com/1236328,breaknews.com,NAVER 뉴스 검색,N/A,아일릿,REVIEW_REQUIRED,MANUAL_APPROVAL_REQUIRED,아일릿,4,https://www.edaily.co.kr/News/Read?newsId=04054086645580120&mediaCodeNo=257&utm_source=naver&utm_medium=referral&utm_campaign=news_syndication&utm_content=original_article|https://view.asiae.co.kr/article/2026091416342475884|https://www.yna.co.kr/view/AKR20260914088800005?input=1195m,,naver_news,,68652b26dddf22fe36d1f89b,2026-09-15T09:50:51.899912+09:00
608cf64eed880c2281ca3d34,72ce083a234ec247cf03346b,NAVER_NEWS,HYBE,빌리프랩,ILLIT (아일릿),illit,COMEBACK,NEW_EVENT,66,3,2026-09-14T11:38:00+09:00,"아일릿, 10월 26일 컴백 확정…'잇츠 미' 신드롬 잇는다[공식]",ILLIT (아일릿) 컴백,2026-10-26,2026-10-26,2026-10-26,HIGH,10월 26일,TITLE,N,,,"그룹 아일릿(ILLIT)이 10월 컴백 대전에 합류한다. 전작 '잇츠 미(It’s Me)'로 대중성과 화제성을 함께 견인했던 이들이 이번 컴백으로 인기를 이어갈 수 있을지 이목이 집중된다. 소속사 빌리프랩은 14일 ""아일릿...",컴백,https://www.spotvnews.co.kr/news/articleView.html?idxno=1007320,https://www.spotvnews.co.kr/news/articleView.html?idxno=1007320,https://m.entertain.naver.com/article/477/0000627958,spotvnews.co.kr,NAVER 뉴스 검색,N/A,아일릿,REVIEW_REQUIRED,MANUAL_APPROVAL_REQUIRED,아일릿,1,,,naver_news,,608cf64eed880c2281ca3d34,2026-09-15T09:50:51.899912+09:00
4fe8cd35b29e5578fbe5e476,72ce083a234ec247cf03346b,NAVER_NEWS,HYBE,빌리프랩,ILLIT (아일릿),illit,COMEBACK,NEW_EVENT,66,3,2026-09-14T11:32:00+09:00,"아일릿, 10월 26일 컴백한다",ILLIT (아일릿) 컴백,2026-10-26,2026-10-26,2026-10-26,HIGH,10월 26일,TITLE,N,,,그룹 아일릿(ILLIT)이 오는 10월 26일 미니 5집 ‘브레이크 이븐(BREAK EVEN)’을 발매하고 컴백한다.... 아일릿은 지난 4월 발표한 테크노 장르의 전작 ‘잇츠 미(It’s Me)‘를 통해 강렬한 퍼포먼스와 과감해진 음악적...,컴백,https://www.sportsseoul.com/news/read/1634932?ref=naver,https://www.sportsseoul.com/news/read/1634932?ref=naver,https://m.entertain.naver.com/article/468/0001266126,sportsseoul.com,NAVER 뉴스 검색,N/A,아일릿,REVIEW_REQUIRED,MANUAL_APPROVAL_REQUIRED,아일릿,1,,,naver_news,,4fe8cd35b29e5578fbe5e476,2026-09-15T09:50:51.899912+09:00
fa20717118c89443ca755623,72ce083a234ec247cf03346b,NAVER_NEWS,HYBE,빌리프랩,ILLIT (아일릿),illit,COMEBACK,NEW_EVENT,66,3,2026-09-14T11:30:00+09:00,"아일릿, 10월 26일 컴백…대세 굳히기 나선다",ILLIT (아일릿) 컴백,2026-10-26,2026-10-26,2026-10-26,HIGH,10월 26일,TITLE,N,,,그룹 아일릿(ILLIT)이 오는 10월 26일 다섯 번째 미니앨범 'BREAK EVEN'을 발매한다. 앨범명은 손실과... 그동안 상대를 향해 주저 없이 다가가는 모습을 표현해 온 아일릿은 'BREAK EVEN'에서 태도를 바꾼다....,컴백,https://www.tenasia.co.kr/article/2026091427484,https://www.tenasia.co.kr/article/2026091427484,https://m.entertain.naver.com/article/312/0000776007,tenasia.co.kr,NAVER 뉴스 검색,N/A,아일릿,REVIEW_REQUIRED,MANUAL_APPROVAL_REQUIRED,아일릿,1,,,naver_news,,fa20717118c89443ca755623,2026-09-15T09:50:51.899912+09:00
7d5f0e8eaeed33291ef3ea8b,64c0b2f24daa18c78b10ad95,NAVER_NEWS,SM,4세대 그룹,NCT WISH,nct_wish,COMEBACK,NEW_EVENT,66,3,2026-09-14T10:35:00+09:00,"‘3연속 밀리언셀러’ NCT WISH, 10월 12일 ‘I SPY’ 컴백 확정","‘3연속 밀리언셀러’ , ‘I SPY’ 확정",2026-10-12,2026-10-12,2026-10-12,HIGH,10월 12일,TITLE,N,,,그룹 NCT WISH(엔시티 위시)가 10월 12일 컴백을 확정했다. NCT WISH는 10월 12일 오후 6시 국내외 음원 사이트를 통해 미니 4집 ‘I SPY’(아이 스파이)를 발매한다. 이번 앨범에는 동명의 타이틀곡 ‘I SPY’를...,컴백,https://www.newsen.com/news_view.php?uid=202609141020140410,https://www.newsen.com/news_view.php?uid=202609141020140410,https://m.entertain.naver.com/article/609/0001168804,newsen.com,NAVER 뉴스 검색,N/A,엔시티 위시,REVIEW_REQUIRED,MANUAL_APPROVAL_REQUIRED,NCT WISH,1,,,naver_news,,7d5f0e8eaeed33291ef3ea8b,2026-09-15T09:50:51.899912+09:00
c086067c8a957dc5ca61dd0e,8419cb04a471691ebc6476b6,NAVER_NEWS,SM,4세대 그룹,NCT WISH,nct_wish,COMEBACK,NEW_EVENT,66,3,2026-09-14T10:14:00+09:00,"NCT WISH(엔시티 위시), 10월 12일 미니 4집 ‘I SPY’ 발매..컴백 기대감...",I SPY,2026-10-12,2026-10-12,2026-10-12,HIGH,10월 12일,TITLE,N,,,"브레이크뉴스 박동제 기자= 그룹 NCT WISH(엔시티 위시)가 오는 10월 12일 미니 4집 ‘I SPY’를 발매하며 컴백한다. 14일 소속사 SM엔터테인먼트에 따르면, NCT WISH의 네...",컴백,http://www.breaknews.com/1236250,http://www.breaknews.com/1236250,http://www.breaknews.com/1236250,breaknews.com,NAVER 뉴스 검색,N/A,엔시티 위시,REVIEW_REQUIRED,MANUAL_APPROVAL_REQUIRED,NCT WISH,1,,,naver_news,,c086067c8a957dc5ca61dd0e,2026-09-15T09:50:51.899912+09:00
3e0f97f46500f104589d8850,fa5281d2ebf5458828bb7fa9,NAVER_NEWS,SM,4세대 그룹,RIIZE,riize,COMEBACK,NEW_EVENT,66,3,2026-09-14T09:52:00+09:00,"라이즈, 2027년 정규 2집 온다..10월 26일 프롤로그 싱글 발매",2027년 정규 2집 온다.. 프롤로그 싱글 발매,2026-10-26,2026-10-26,2026-10-26,HIGH,10월 26일,TITLE,N,인천,인스파이어 아레나,라이즈(RIIZE)가 데뷔 3주년 기념 팬미팅에서 앞으로의 활동에 대해 예고했다. 9월 12~13일 인천 인스파이어 아레나가 360도 전체 개방된 규모로 라이즈 데뷔 3주년 기념 팬미팅 ‘Ch. RIIZE : ON AIR’(채널 라이즈 : 온...,싱글 발매,https://www.heraldmuse.com/article/10872186?ref=naver,https://www.heraldmuse.com/article/10872186?ref=naver,https://m.entertain.naver.com/article/112/0003807279,heraldmuse.com,NAVER 뉴스 검색,N/A,RIIZE,REVIEW_REQUIRED,MANUAL_APPROVAL_REQUIRED,라이즈,1,,,naver_news,,3e0f97f46500f104589d8850,2026-09-15T09:50:51.899912+09:00
7deb28fd85a51871f6299f86,7e14e0294e2c48a41dd44b80,NAVER_NEWS,HYBE,빅히트 뮤직,TXT (투모로우바이투게더),txt,TOUR_ANNOUNCEMENT,NEW_EVENT,72,3,2026-09-14T14:10:00+09:00,"TXT, 다섯 번째 월드투어 나선다…11월 서울서 출발",다섯 번째 월드투어 나선다,2026-11-13,2026-11-15,2026-11-13|2026-11-14|2026-11-15,HIGH,11월 13일부터 15일까지,BODY,N,서울,송파구 올림픽공원 KSPO DOME,그룹 투모로우바이투게더(TXT)가 오는 11월 서울에서 다섯 번째 월드투어의 막을 올린다. 투모로우바이투게더는 오는 11월 13일부터 15일까지 서울 송파구 올림픽공원 KSPO DOME에서 'TOMORROW X TOGETHER WORLD TOUR IN SEOUL...,월드투어,https://www.tenasia.co.kr/article/2026091431624,https://www.tenasia.co.kr/article/2026091431624,https://m.entertain.naver.com/article/312/0000776029,tenasia.co.kr,NAVER 뉴스 검색,N/A,투모로우바이투게더,REVIEW_REQUIRED,MANUAL_APPROVAL_REQUIRED,TXT,1,,,naver_news,,7deb28fd85a51871f6299f86,2026-09-15T09:50:51.899912+09:00
cb104cc521313af5df9d2667,4c6cd00e7c5a57e14250217f,NAVER_NEWS,HYBE,빅히트 뮤직,TXT (투모로우바이투게더),txt,TOUR_ANNOUNCEMENT,NEW_EVENT,72,3,2026-09-14T15:42:00+09:00,"투모로우바이투게더, 'STEAL THE WIND'로 11월 월드 투어 스타트…온·오...",'STEAL THE WIND'로 11월 월드 투어 스타트,2026-11-13,2026-11-15,2026-11-13|2026-11-14|2026-11-15,MEDIUM,11월 13일부터 15일까지,BODY,N,서울,송파구 올림픽공원 KSPO DOME,"투모로우바이투게더가 오는 11월 13일부터 15일까지 서울 송파구 올림픽공원 KSPO DOME에서 새로운 월드 투어 'STEAL THE WIND'의 막을 연다. 'STEAL THE WIND'는 서울 첫 공연을 시작으로 아시아, 일본, 북미, 유럽 등 각...",월드 투어,https://www.mhns.co.kr/news/articleView.html?idxno=760281,https://www.mhns.co.kr/news/articleView.html?idxno=760281,https://www.mhns.co.kr/news/articleView.html?idxno=760281,mhns.co.kr,NAVER 뉴스 검색,N/A,투모로우바이투게더,REVIEW_REQUIRED,DATE_LOW_CONFIDENCE,투모로우바이투게더,2,https://www.topstarnews.net/news/articleView.html?idxno=16192689,,naver_news,,cb104cc521313af5df9d2667,2026-09-15T09:50:51.899912+09:00
723171ec48dda8325fcabb9c,13a0664ad37771a266ff1d29,NAVER_NEWS,HYBE,빌리프랩,ILLIT (아일릿),illit,COMEBACK,NEW_EVENT,66,3,2026-09-14T11:56:00+09:00,"아일릿, 10월 컴백 확정…'2026년 꽉 채운다'",10월 확정,2026-10-26,2026-10-26,2026-10-26,MEDIUM,10월 26일,BODY,N,,,"10월 26일 다섯 번째 미니앨범 'BREAK EVEN' 발표 4월 이후 쉼 없는 활동 그룹 아일릿(ILLIT)이 10월 컴백으로 '쉼표 없는 활동'을 이어간다. 소속사 빌리프랩은 14일 ""아일릿(윤아 민주 모카 원희 이로하)이 10월 26일...",컴백,https://news.tf.co.kr/read/entertain/2365518.htm,https://news.tf.co.kr/read/entertain/2365518.htm,https://m.entertain.naver.com/article/629/0000533491,news.tf.co.kr,NAVER 뉴스 검색,N/A,아일릿,REVIEW_REQUIRED,DATE_LOW_CONFIDENCE,아일릿,1,,,naver_news,,723171ec48dda8325fcabb9c,2026-09-15T09:50:51.899912+09:00
b254e1abf58b9759e7ea7de2,e5e893975c049954672bdab0,NAVER_NEWS,SM,4세대 그룹,NCT WISH,nct_wish,COMEBACK,NEW_EVENT,66,3,2026-09-14T09:52:00+09:00,"NCT WISH, 10월 네 번째 미니앨범 ‘아이 스파이’ 발매",아이 스파이,2026-10-12,2026-10-12,2026-10-12,MEDIUM,10월 12일,BODY,N,,,"‘확신의 대세’ 그룹 엔시티 위시(NCT WISH)(시온, 리쿠, 유우시, 재희, 료, 사쿠야)가 오는 10월 12일 네 번째 미니앨범을 전격 발매하며 하반기 가요계 정복에 나선다. SM엔터테인먼트에 따르면, 엔시티 위시의 네 번째...",미니앨범,https://www.sportsseoul.com/news/read/1634892?ref=naver,https://www.sportsseoul.com/news/read/1634892?ref=naver,https://m.entertain.naver.com/article/468/0001266088,sportsseoul.com,NAVER 뉴스 검색,N/A,엔시티 위시,REVIEW_REQUIRED,DATE_LOW_CONFIDENCE,NCT WISH,1,,,naver_news,,b254e1abf58b9759e7ea7de2,2026-09-15T09:50:51.899912+09:00
65a8f3137cfae5ceca5d301e,926e3cc8fcf42b0b3afbbddb,NAVER_NEWS,SM,3세대 그룹,WayV,wayv,TOUR_ANNOUNCEMENT,NEW_EVENT,72,3,2026-09-14T14:19:00+09:00,"웨이션브이, 세 번째 콘서트 투어 스타트..서울서 성공적 신호탄",세 번째 콘서트 투어 스타트..서울서 성공적 신호탄,2026-09-12,2026-09-13,2026-09-12|2026-09-13,LOW,12~13일,BODY,N,서울,,WayV(웨이션브이)가 서울 공연을 시작으로 세 번째 콘서트 투어를 시작했다. ‘2026 WayV CONCERT TOUR [BORN THIS Way] IN SEOUL’(2026 웨이션브이 콘서트 투어 [본 디스 웨이] 인 서울)은 지난 12~13일 양일간 서울...,콘서트 투어,https://www.heraldmuse.com/article/10872735?ref=naver,https://www.heraldmuse.com/article/10872735?ref=naver,https://m.entertain.naver.com/article/112/0003807312,heraldmuse.com,NAVER 뉴스 검색,N/A,웨이션브이,REVIEW_REQUIRED,DATE_LOW_CONFIDENCE,웨이션브이,1,,,naver_news,,65a8f3137cfae5ceca5d301e,2026-09-15T09:50:51.899912+09:00
8743eb3411fd1c76b17450d2,f8d78ab5db8d3399d5fb3bbe,NAVER_NEWS,SM,SM Entertainment,MAX CHANGMIN (최강창민),tvxq_changmin,CONCERT,NEW_EVENT,76,8,2026-09-14T14:55:00+09:00,"최강창민, 10월 컴백→11월 서울서 첫 솔로 공연 개최",10월 →11월 서울서 첫 솔로 공연,,,,NONE,,,N,서울,,"그룹 동방신기 최강창민이 ‘솔로 아티스트’로 돌아온다. 14일 소속사 SM엔터테인먼트에 따르면... 한편 최강창민은 2003년 동방신기 멤버로 데뷔해 ‘Hug’, ‘The Way U Are’, ‘Rising Sun’, ‘주문 - MIROTIC’...","공연 개최, 컴백",https://www.mk.co.kr/article/12152047,https://www.mk.co.kr/article/12152047,https://m.entertain.naver.com/article/009/0005734869,mk.co.kr,NAVER 뉴스 검색,N/A,동방신기,REVIEW_REQUIRED,DATE_NOT_FOUND,최강창민,1,,,naver_news,,8743eb3411fd1c76b17450d2,2026-09-15T09:50:51.899912+09:00
40146b5ab275727f5129bd63,e48229611ced0b27e1a508bc,NAVER_NEWS,SM,SM Entertainment,MAX CHANGMIN (최강창민),tvxq_changmin,CONCERT,NEW_EVENT,74,3,2026-09-14T14:08:00+09:00,"최강창민, 내달 중순 솔로 컴백→11월 국내 단독 공연 개최",내달 중순 솔로 →11월 국내 단독 공연,,,,NONE,,,N,서울,,동방신기 최강창민이 약 4년 9개월 만에 솔로 신보를 선보인다. 최강창민은 오는 10월 중순 컴백을... 서울 공연 이후 이어질 투어 지역과 세부 일정은 동방신기 공식 채널을 통해 추후 공개될 예정이다....,"공연 개최, 단독 공연, 컴백",https://www.slist.kr/news/articleView.html?idxno=766040,https://www.slist.kr/news/articleView.html?idxno=766040,https://www.slist.kr/news/articleView.html?idxno=766040,slist.kr,NAVER 뉴스 검색,N/A,동방신기,REVIEW_REQUIRED,DATE_NOT_FOUND,최강창민,1,,,naver_news,,40146b5ab275727f5129bd63,2026-09-15T09:50:51.899912+09:00
f2700d6744314734f5c84d3f,5c886836a1408ba438594dea,NAVER_NEWS,JYP,GOT7,GOT7,got7,TOUR_ANNOUNCEMENT,NEW_EVENT,72,3,2026-09-14T17:24:00+09:00,"갓세븐 진영, 첫 솔로 콘서트 투어 'CODE#' 개최…불법 거래 강경 대응",CODE#,,,,NONE,,,N,서울,,그룹 갓세븐 멤버 겸 배우로 활동 중인 진영이 첫 솔로 콘서트 투어를 개최한다. 14일 소속사 BH엔터테인먼트는 공식 계정을 통해 진영의 첫 콘서트 투어 'CODE#' 서울 공연 일정 및 투어 일정을 안내했다. 안내에...,콘서트 투어,https://www.topstarnews.net/news/articleView.html?idxno=16192799,https://www.topstarnews.net/news/articleView.html?idxno=16192799,https://www.topstarnews.net/news/articleView.html?idxno=16192799,topstarnews.net,NAVER 뉴스 검색,N/A,갓세븐,REVIEW_REQUIRED,DATE_NOT_FOUND,갓세븐,1,,,naver_news,,f2700d6744314734f5c84d3f,2026-09-15T09:50:51.899912+09:00
ef0225e2331395c62359edb0,50854cc237cbdd1353b6c377,NAVER_NEWS,SM,SM Entertainment,MAX CHANGMIN (최강창민),tvxq_changmin,CONCERT,NEW_EVENT,71,3,2026-09-14T15:28:00+09:00,"동방신기 최강창민, 11월 데뷔 첫 국내 솔로 콘서트 개최… 'RESONANCE' 포...",11월 데뷔 첫 국내 솔로 콘서트,2026-11-06,2026-11-08,2026-11-06|2026-11-07|2026-11-08,MEDIUM,11월 6일부터 8일까지,ENRICHED_BODY,N,서울,사흘간 예스24 라이브홀,동방신기 최강창민이 10월 중순 컴백한다. 소속사 SM엔터테인먼트는 14일 최강창민이 10월 중순 컴백을... 투어 지역 및 일정은 추후 동방신기 공식 채널을 통해 공개될 예정이다. 최강창민은 그룹 활동 외에도...,콘서트 개최,https://www.stardailynews.co.kr/news/articleView.html?idxno=550038,https://www.stardailynews.co.kr/news/articleView.html?idxno=550038,https://www.stardailynews.co.kr/news/articleView.html?idxno=550038,stardailynews.co.kr,NAVER 뉴스 검색,N/A,동방신기,REVIEW_REQUIRED,DATE_ENRICHED_REVIEW,동방신기 최강창민,2,,,naver_news,,ef0225e2331395c62359edb0,2026-09-15T09:50:51.899912+09:00
0336c26be7920c80e8845037,2ed6b2f1a90060f0a3dbd219,NAVER_NEWS,SM,4세대 그룹,RIIZE,riize,FANMEETING,NEW_EVENT,70,3,2026-09-14T10:52:00+09:00,"라이즈, 데뷔 3주년 팬미팅 성료…내년 정규 2집 발매 예고",데뷔 3주년 팬미팅 성료,,,,NONE,,,N,,,RIIZE : ON AIR(채널 라이즈 : 온 에어)'를 열고 2만 3000여 관객을 만났다. 이번 공연은 360도 전석 개방 형태로 진행됐으며 양일 공연 모두 전석 매진을 기록했다. 이날 공연 말미에 상영된 특별 영상을 통해 라이즈의...,팬미팅,https://enter.etoday.co.kr/news/view/302407,https://enter.etoday.co.kr/news/view/302407,https://enter.etoday.co.kr/news/view/302407,enter.etoday.co.kr,NAVER 뉴스 검색,N/A,RIIZE,REVIEW_REQUIRED,DATE_NOT_FOUND,라이즈,1,,,naver_news,,0336c26be7920c80e8845037,2026-09-15T09:50:51.899912+09:00
ebee4a0c4837d67521df1bd2,fbae6f7979223454fccd8e96,NAVER_NEWS,SM,4세대 그룹,RIIZE,riize,FANMEETING,NEW_EVENT,70,3,2026-09-14T09:53:00+09:00,"라이즈, 내년 정규 2집 컴백 확정…데뷔 3주년 팬미팅서 전격 발표",내년 정규 2집 확정,,,,NONE,,,N,,,"RIIZE : ON AIR’(채널 라이즈 : 온 에어)가 열렸다. 팬미팅 현장에서 공연 종료 직후 재생된 특별 영상을 통해 추후 활동 계획을 깜짝 발표한 것. 특히 라이즈는 2027년 봄, 두 번째 정규 앨범을 발매하며, 이에 앞서...","컴백, 팬미팅",https://www.xportsnews.com/article/2195359,https://www.xportsnews.com/article/2195359,https://m.entertain.naver.com/article/311/0002056723,xportsnews.com,NAVER 뉴스 검색,N/A,RIIZE,REVIEW_REQUIRED,DATE_NOT_FOUND,라이즈,1,,,naver_news,,ebee4a0c4837d67521df1bd2,2026-09-15T09:50:51.899912+09:00
64a3a6ba24e0118d5a98b8da,00c324f35c20fb78f73aa06d,NAVER_NEWS,SM,SM Entertainment,MAX CHANGMIN (최강창민),tvxq_changmin,COMEBACK,NEW_EVENT,69,3,2026-09-14T15:48:00+09:00,"동방신기 최강창민, 10월 컴백 확정…4년 9개월 만에 신보 발매",10월 확정,,,,NONE,,,N,,,▲ 최강창민 동방신기 최강창민이 솔로 아티스트의 역량을 뽐낸다. 소속사 에스엠(SM)엔터테인먼트는 14일 “최강창민이 10월 중순 컴백을 목표로 막바지 준비에 한창이다”고 밝혔다. 2022년 1월 발표한 두 번째...,"신보 발매, 컴백",https://swtvnews.com/news/newsview.php?ncode=1065589799460387,https://swtvnews.com/news/newsview.php?ncode=1065589799460387,https://swtvnews.com/news/newsview.php?ncode=1065589799460387,swtvnews.com,NAVER 뉴스 검색,N/A,동방신기,REVIEW_REQUIRED,DATE_NOT_FOUND,동방신기 최강창민,1,,,naver_news,,64a3a6ba24e0118d5a98b8da,2026-09-15T09:50:51.899912+09:00
a8741469b725bd7cdb461686,69f8b0136c40a9bed12f2e3e,NAVER_NEWS,JYP,5세대 그룹,KickFlip (킥플립),kickflip,POPUP,NEW_EVENT,68,3,2026-09-15T09:04:00+09:00,"킥플립, 공식 캐릭터 '킥둥쓰' 공개…팝업 스토어 연다",공식 캐릭터 '킥둥쓰' 공개,,,,NONE,,,N,,,JYP엔터테인먼트 소속 그룹 킥플립이 멤버들의 취향과 개성을 담은 공식 캐릭터 '킥둥쓰'를 선보이고 팝업 스토어로 팬들과 만난다. 킥플립은 14일 오후 공식 SNS 채널에 킥둥쓰 티저 포스터와 영상 '킥둥쓰 JYP...,팝업 스토어,https://www.slist.kr/news/articleView.html?idxno=766213,https://www.slist.kr/news/articleView.html?idxno=766213,https://www.slist.kr/news/articleView.html?idxno=766213,slist.kr,NAVER 뉴스 검색,N/A,킥플립,REVIEW_REQUIRED,DATE_NOT_FOUND,킥플립,1,,,naver_news,,a8741469b725bd7cdb461686,2026-09-15T09:50:51.899912+09:00
b8f6f3cc56f51f7ef4da8aa2,9d69ff0ef4c0bc86cd3b17e0,NAVER_NEWS,SM,SM Entertainment,MAX CHANGMIN (최강창민),tvxq_changmin,COMEBACK,NEW_EVENT,66,3,2026-09-14T18:13:00+09:00,"동방신기 최강창민, 다음달 컴백…라이브 투어 '레조넌스' 개최",다음달,,,,NONE,,,N,,,"SM엔터테인먼트(이하 SM, 에스엠)는 소속 아티스트인 동방신기 최강창민이 '솔로 아티스트'로... 추후 동방신기 공식 채널을 통해 투어 지역 및 일정도 순차적으로 공개될 계획이다. 한편 SM은 1995년 설립된...",컴백,https://www.mt.co.kr/stock/2026/09/14/2026091418003546068,https://www.mt.co.kr/stock/2026/09/14/2026091418003546068,https://n.news.naver.com/mnews/article/008/0005413580?sid=101,mt.co.kr,NAVER 뉴스 검색,N/A,동방신기,REVIEW_REQUIRED,DATE_NOT_FOUND,동방신기 최강창민,1,,,naver_news,,b8f6f3cc56f51f7ef4da8aa2,2026-09-15T09:50:51.899912+09:00
a7f298e07f089067d6cccefd,58023630c8a489d91bbd73d9,NAVER_NEWS,SM,SM Entertainment,MAX CHANGMIN (최강창민),tvxq_changmin,COMEBACK,NEW_EVENT,66,3,2026-09-14T15:46:00+09:00,"최강창민, 4년여 만에 솔로 컴백→라이브 투어 돌입",4년여 만에 솔로 →라이브 투어 돌입,,,,NONE,,,N,서울,,동방신기 최강창민이 4년 9개월 만에 솔로 가수로 복귀한다. 최강창민은 오는 10월 중순 새 솔로 앨범을... 서울 외 추가 투어 도시와 세부 일정은 추후 동방신기 공식 계정을 통해 안내될 예정이다.,컴백,https://enter.etoday.co.kr/news/view/302423,https://enter.etoday.co.kr/news/view/302423,https://enter.etoday.co.kr/news/view/302423,enter.etoday.co.kr,NAVER 뉴스 검색,N/A,동방신기,REVIEW_REQUIRED,DATE_NOT_FOUND,최강창민,1,,,naver_news,,a7f298e07f089067d6cccefd,2026-09-15T09:50:51.899912+09:00
dd9d02cf8aa1e021862f71bb,e340521cb44ec1d7b7d192f0,NAVER_NEWS,SM,SM Entertainment,MAX CHANGMIN (최강창민),tvxq_changmin,COMEBACK,NEW_EVENT,66,3,2026-09-14T14:16:00+09:00,"동방신기 최강창민, 4년 9개월만 솔로 컴백…10월 신보 발표",4년 9개월만 솔로,,,,NONE,,,N,서울,,"동방신기 최강창민이 '솔로 아티스트'로 돌아온다. 최강창민은 10월 중순 컴백을 목표로 준비 중이며, 2022년 1월 발표한 두 번째 미니앨범 'Devil' 이후 4년 9개월 만에 신보를 선보인다. 동방신기 최강창민 서울...",컴백,http://www.joynews24.com/view/2005322,http://www.joynews24.com/view/2005322,http://www.joynews24.com/view/2005322,joynews24.com,NAVER 뉴스 검색,N/A,동방신기,REVIEW_REQUIRED,DATE_NOT_FOUND,동방신기 최강창민,1,,,naver_news,,dd9d02cf8aa1e021862f71bb,2026-09-15T09:50:51.899912+09:00
8a0d75df125ac438f651c1d4,8b2cafdd7635e0766ac1039b,NAVER_NEWS,JYP,3세대 그룹,TWICE,twice,TOUR_ANNOUNCEMENT,NEW_EVENT,79,10,2026-09-15T14:16:00+09:00,"트와이스, 내달 월드투어 피날레 공연 실황 LP 발표",내달 월드투어 피날레 공연 실황 LP,2026-10-16,2026-10-16,2026-10-16,MEDIUM,다음 달 16일,BODY,N,,,걸그룹 트와이스가 다음 달 16일 월드투어 '디스 이즈 포'(THIS IS FOR) 피날레 공연의 라이브 실황을 담은 스페셜 LP 음반을 발표한다고 소속사 JYP엔터테인먼트가 15일 밝혔다. 이번 LP에는 트와이스가 지난 7월 10...,월드투어,https://www.yna.co.kr/view/AKR20260915109200005?input=1195m,https://www.yna.co.kr/view/AKR20260915109200005?input=1195m,https://m.entertain.naver.com/article/001/0016311792,yna.co.kr,NAVER 뉴스 검색,N/A,트와이스,REVIEW_REQUIRED,DATE_LOW_CONFIDENCE,트와이스,1,,,naver_news,,8a0d75df125ac438f651c1d4,2026-09-16T09:43:34.159903+09:00
59edcb373257ecf17c7e4d01,f442b5889ff4dc699063c9c9,NAVER_NEWS,JYP,3세대 그룹,TWICE,twice,TOUR_ANNOUNCEMENT,NEW_EVENT,72,3,2026-09-15T10:04:00+09:00,"트와이스, 월드투어 피날레 서울 공연 라이브 담은 스페셜 바이닐 발매...",월드투어 피날레 서울 공연 라이브 담은 스페셜 바이닐 발매,2026-10-16,2026-10-16,2026-10-16,MEDIUM,10월 16일,BODY,N,서울,트와이스는 지난 7월 서울 송파구 KSPO DOME,"트와이스가 월드투어 피날레 무대를 담은 라이브 스페셜 바이닐로 팬들을 다시 찾는다. 10월 16일 오후... 트와이스는 지난 7월 서울 송파구 KSPO DOME에서 아시아, 오세아니아, 북미, 유럽 44개 지역 81회 규모로...",월드투어,https://www.topstarnews.net/news/articleView.html?idxno=16194133,https://www.topstarnews.net/news/articleView.html?idxno=16194133,https://www.topstarnews.net/news/articleView.html?idxno=16194133,topstarnews.net,NAVER 뉴스 검색,N/A,트와이스,REVIEW_REQUIRED,DATE_LOW_CONFIDENCE,트와이스,1,,,naver_news,,59edcb373257ecf17c7e4d01,2026-09-16T09:43:34.159903+09:00
c8ef47378839222442dfe50f,5cc78af0363ab06782516310,NAVER_NEWS,SM,SM Entertainment,YESUNG (예성),super_junior_yesung,COMEBACK,NEW_EVENT,69,3,2026-09-16T09:04:00+09:00,"예성, ""Where We Are""…솔로 데뷔 10주년 정규 앨범 발매","""Where We Are""",,,,NONE,,,N,,,"슈퍼주니어 예성이 솔로 데뷔 10주년을 기념하는 정규 앨범으로 활동 흐름을 잇는다. 데뷔 이후 쌓아온 보컬 색을 한 번에 묶는 지점에 놓인 앨범으로, 이번 작업을 통해 예성이 어떤 사운드와 곡 구성을...","앨범 발매, 정규 앨범",https://www.topstarnews.net/news/articleView.html?idxno=16195381,https://www.topstarnews.net/news/articleView.html?idxno=16195381,https://www.topstarnews.net/news/articleView.html?idxno=16195381,topstarnews.net,NAVER 뉴스 검색,N/A,슈퍼주니어,REVIEW_REQUIRED,DATE_NOT_FOUND,예성,1,,,naver_news,,c8ef47378839222442dfe50f,2026-09-16T09:43:34.159903+09:00
9c1082329581ada905c7233b,b8dbefcb71c1ba1230b718c8,NAVER_NEWS,HYBE,플레디스,황민현,hwang_minhyun,COMEBACK,NEW_EVENT,66,3,2026-09-15T15:17:00+09:00,"[단독] 황민현, 가수로 먼저 컴백… 10월 신곡 '아워' 발표","[단독] , 가수로 먼저",,,,NONE,,,N,,,"배우 겸 가수 황민현이 연기보다 음악으로 먼저 대중을 만난다. 군 복무를 마치고 본격적인 활동 재개에 나선 가운데, 솔로 가수로서 새로운 음악을 선보이며 팬들과 만날 예정이다. 15일 본지 취재에 따르면 황민현은 오는...",컴백,https://www.hankookilbo.com/news/article/A2026091515010002339?did=NA,https://www.hankookilbo.com/news/article/A2026091515010002339?did=NA,https://m.entertain.naver.com/article/469/0000954147,hankookilbo.com,NAVER 뉴스 검색,N/A,황민현,REVIEW_REQUIRED,DATE_NOT_FOUND,황민현,1,,,naver_news,,9c1082329581ada905c7233b,2026-09-16T09:43:34.159903+09:00
748ece2c0de6a65cb5131f2d,aec8d9272c020ef969bcd82c,NAVER_NEWS,JYP,JYP Japan,NiziU (니쥬),niziu,COMEBACK,NEW_EVENT,66,3,2026-09-17T08:12:00+09:00,"니쥬(NiziU), 9월 28일 첫 국내 미니 앨범 'Sour Grapes' 발매",Sour Grapes,2026-09-28,2026-09-28,2026-09-28,HIGH,9월 28일,TITLE,N,,,JYP엔터테인먼트 소속 걸그룹 NiziU가 오는 9월 28일 첫 국내 미니 앨범 'Sour Grapes'를 발매하고 컴백한다. NiziU는 지난 16일 공식 SNS 채널을 통해 신보의 테마를 미리 엿볼 수 있는 첫 번째 콘셉트 필름을...,미니 앨범,https://www.cbci.co.kr/news/articleView.html?idxno=607533,https://www.cbci.co.kr/news/articleView.html?idxno=607533,https://www.cbci.co.kr/news/articleView.html?idxno=607533,cbci.co.kr,NAVER 뉴스 검색,N/A,NiziU,REVIEW_REQUIRED,MANUAL_APPROVAL_REQUIRED,NiziU,1,,,naver_news,,748ece2c0de6a65cb5131f2d,2026-09-17T09:49:48.265888+09:00
e5309a43f20ace4ea6e1c529,433908bd32cca2c3e6888769,NAVER_NEWS,SM,SM Entertainment,YESUNG (예성),super_junior_yesung,COMEBACK,NEW_EVENT,66,3,2026-09-16T11:50:00+09:00,"예성, 10월 6일 새 정규 컴백 확정…2년만의 솔로귀환",새 정규 확정,2026-10-06,2026-10-06,2026-10-06,HIGH,10월 6일,TITLE,N,,,그룹 슈퍼주니어 예성이 데뷔 10주년의 묵직한 내공을 꽉 채운 두 번째 정규 앨범과 함께 2년 만에 국내 솔로 무대로 화려하게 귀환한다. 16일 소속사 SM엔터테인먼트 측은 예성이 오는 10월 6일 솔로 데뷔...,컴백,https://www.nc.press/news/articleView.html?idxno=626656,https://www.nc.press/news/articleView.html?idxno=626656,https://www.nc.press/news/articleView.html?idxno=626656,nc.press,NAVER 뉴스 검색,N/A,슈퍼주니어,REVIEW_REQUIRED,MANUAL_APPROVAL_REQUIRED,예성,1,,,naver_news,,e5309a43f20ace4ea6e1c529,2026-09-17T09:49:48.265888+09:00
ea01f44fe89ea1a0758a582d,fd5577192f9800e37537c0ea,NAVER_NEWS,HYBE,빌리프랩,ENHYPEN,enhypen,TOUR_ANNOUNCEMENT,NEW_EVENT,72,3,2026-09-16T11:14:00+09:00,통산 5번째 더블 밀리언셀러…엔하이픈 음반 질주 속 월드투어 돌입,통산 5번째 더블 밀리언셀러,2026-09-19,2026-09-19,2026-09-19,MEDIUM,9월 19일,BODY,N,,,"그룹 엔하이픈이 미국 빌보드 메인 앨범 차트에서 3주 연속 상위권을 지켜냈다. 현지시간 15일 미국 음악 전문 매체 빌보드가 발표한 최신 차트(9월 19일 자)에 따르면, 엔하이픈의 미니 8집 ‘THE SIN : BLISS’는 메인...",월드투어,https://sports.donga.com/ent/article/all/20260916/134679061/1,https://sports.donga.com/ent/article/all/20260916/134679061/1,https://m.entertain.naver.com/article/382/0001294320,sports.donga.com,NAVER 뉴스 검색,N/A,엔하이픈,REVIEW_REQUIRED,DATE_LOW_CONFIDENCE,엔하이픈,1,,,naver_news,,ea01f44fe89ea1a0758a582d,2026-09-17T09:49:48.265888+09:00
3038a3ddee046236fc19e81b,db1e4a9bb84e66d369b608e7,NAVER_NEWS,SM,SM Entertainment,YESUNG (예성),super_junior_yesung,COMEBACK,NEW_EVENT,66,3,2026-09-16T10:49:00+09:00,"슈주 예성, 10월 솔로 10주년 기념 앨범 발매…2년 만의 신보","슈주 , 10월 솔로 10주년 기념 앨범 발매",2026-10-06,2026-10-06,2026-10-06,MEDIUM,10월 6일,BODY,N,,,슈퍼주니어 멤버 예성이 솔로 데뷔 10주년을 기념하는 앨범으로 팬들을 만난다. 16일 소속사 SM엔터테인먼트는 예성이 솔로 데뷔 10주년을 기념하는 정규 2집 '웨어 위 아'(Where We Are)를 오는 10월 6일 발매한다고...,앨범 발매,https://www.news1.kr/entertain/music/6292003,https://www.news1.kr/entertain/music/6292003,https://m.entertain.naver.com/article/421/0009173297,news1.kr,NAVER 뉴스 검색,N/A,슈퍼주니어,REVIEW_REQUIRED,DATE_LOW_CONFIDENCE,예성,1,,,naver_news,,3038a3ddee046236fc19e81b,2026-09-17T09:49:48.265888+09:00
a4f2d4b0b817191264f13cff,4b5d8551f8869feb2da6bd39,NAVER_NEWS,SM,SM Entertainment,YESUNG (예성),super_junior_yesung,COMEBACK,NEW_EVENT,66,3,2026-09-16T10:48:00+09:00,"슈퍼주니어 예성, 2년 만의 솔로 컴백…정규 2집 발매 예고",2년 만의 솔로,2026-10-06,2026-10-06,2026-10-06,MEDIUM,10월 6일,BODY,N,,,그룹 슈퍼주니어 예성이 솔로 데뷔 10주년을 맞아 두 번째 정규 앨범을 선보인다. 예성은 오는 10월 6일 솔로 데뷔 10주년 기념 정규 2집 'Where We Are(웨어 위 아)'를 발매한다. 이번 앨범은 다양한 장르를...,컴백,https://enter.etoday.co.kr/news/view/302501,https://enter.etoday.co.kr/news/view/302501,https://enter.etoday.co.kr/news/view/302501,enter.etoday.co.kr,NAVER 뉴스 검색,N/A,슈퍼주니어,REVIEW_REQUIRED,DATE_LOW_CONFIDENCE,슈퍼주니어 예성,1,,,naver_news,,a4f2d4b0b817191264f13cff,2026-09-17T09:49:48.265888+09:00
102fda4aedf341987173186d,e3dccf0d3f6017c35de5cbe3,NAVER_NEWS,HYBE,빌리프랩,ILLIT (아일릿),illit,CONCERT,NEW_EVENT,71,3,2026-09-16T15:08:00+09:00,"‘아일릿 작사가’ 무라사키 이마, 12월 첫 단독 내한 공연 개최[공식]","‘ 작사가’ 무라사키 이마, 12월 첫 단독 내한 공연 [공식]",,,,NONE,,,N,,,특히 그는 2025년 아일릿(ILLIT)의 일본 데뷔 타이틀곡 ‘時よ止まれ(시간아 멈춰라)’ 작사에 참여해 국내에서도 주목받았다. 같은 해 첫 해외 페스티벌 ‘원더리벳 2025(WONDERLIVET 2025)’로 한국 무대에...,공연 개최,https://www.heraldmuse.com/article/10875745?ref=naver,https://www.heraldmuse.com/article/10875745?ref=naver,https://m.entertain.naver.com/article/112/0003807520,heraldmuse.com,NAVER 뉴스 검색,N/A,아일릿,REVIEW_REQUIRED,DATE_NOT_FOUND,아일릿,1,,,naver_news,,102fda4aedf341987173186d,2026-09-17T09:49:48.265888+09:00
4c39244e7cfe8b86f235b3ef,42cf6d2053f5f2b9ca720d0a,NAVER_NEWS,JYP,JYP Japan,NEXZ (넥스지),nexz,TOUR_ANNOUNCEMENT,NEW_EVENT,72,3,2026-09-18T08:56:00+09:00,"NEXZ, 첫 아시아 투어 서울 공연 전석 매진…추가 좌석 23일 오픈",첫 아시아 투어 서울 공연 전석 매진,2026-09-23,2026-09-23,2026-09-23,MEDIUM,23일,TITLE,N,서울,과 18일 서울 송파구 올림픽홀,"NEXZ(넥스지·토모야, 유우, 하루, 소 건, 세이타, 휴이, 유키)의 첫 아시아 투어 서울 공연이 전 회차 매진을 기록했다. NEXZ는 10월 17일과 18일 서울 송파구 올림픽홀에서 아시아 투어 'NEXZ 1ST ASIA TOUR'의 시작을...",아시아 투어,https://www.mdtoday.co.kr/news/articleView.html?idxno=613920,https://www.mdtoday.co.kr/news/articleView.html?idxno=613920,https://www.mdtoday.co.kr/news/articleView.html?idxno=613920,mdtoday.co.kr,NAVER 뉴스 검색,N/A,넥스지,REVIEW_REQUIRED,DATE_LOW_CONFIDENCE,NEXZ,1,,,naver_news,,4c39244e7cfe8b86f235b3ef,2026-09-18T09:43:23.798593+09:00
48d7163f57680e7de37c4f4d,1e5cd3b1f4740ec1abffd593,NAVER_NEWS,JYP,JYP Japan,NEXZ (넥스지),nexz,TOUR_ANNOUNCEMENT,NEW_EVENT,72,3,2026-09-18T08:04:00+09:00,"넥스지, 첫 아시아 투어 서울 공연 전 회차 매진…추가 좌석 오픈",첫 아시아 투어 서울 공연 전 회차 매진,2026-10-17,2026-10-18,2026-10-17|2026-10-18,MEDIUM,10월 17~18일,BODY,N,서울,송파구 올림픽홀,"넥스지(NEXZ)가 첫 아시아 투어 서울 공연 전 회차 매진에 힘입어 추가 좌석을 오픈한다. 넥스지(토모야, 유우, 하루, 소 건, 세이타, 휴이, 유키)는 오는 10월 17~18일 서울 송파구 올림픽홀에서 'NEXZ 1ST ASIA TOUR...",아시아 투어,https://www.slist.kr/news/articleView.html?idxno=767051,https://www.slist.kr/news/articleView.html?idxno=767051,https://www.slist.kr/news/articleView.html?idxno=767051,slist.kr,NAVER 뉴스 검색,N/A,넥스지,REVIEW_REQUIRED,DATE_LOW_CONFIDENCE,넥스지,1,,,naver_news,,48d7163f57680e7de37c4f4d,2026-09-18T09:43:23.798593+09:00
73e5e07303afc9e8c2770a1e,41e04327ba6fd8aadfa49a51,NAVER_NEWS,JYP,3세대 그룹,TWICE,twice,TOUR_ANNOUNCEMENT,NEW_EVENT,72,3,2026-09-17T20:25:00+09:00,"트와이스, 월드투어 피날레 서울 공연 실황 담은 LP 발매",월드투어 피날레 서울 공연 실황 담은 LP 발매,2026-10-16,2026-10-16,2026-10-16,MEDIUM,10월 16일,BODY,N,서울,,걸그룹 트와이스가 월드투어 피날레 공연 실황을 담은 스페셜 LP 음반을 발표한다. JYP엔터테인먼트는 트와이스가 오는 10월 16일 월드투어 '디스 이즈 포'(THIS IS FOR) 피날레 공연의 라이브 실황을 담은 LP를...,월드투어,https://www.ppss.kr/news/articleView.html?idxno=311346,https://www.ppss.kr/news/articleView.html?idxno=311346,https://www.ppss.kr/news/articleView.html?idxno=311346,ppss.kr,NAVER 뉴스 검색,N/A,트와이스,REVIEW_REQUIRED,DATE_LOW_CONFIDENCE,트와이스,1,,,naver_news,,73e5e07303afc9e8c2770a1e,2026-09-18T09:43:23.798593+09:00
1c4516a2ca37a45904e04141,82919e12d8246f999f370be4,NAVER_NEWS,SM,SM Entertainment,YESUNG (예성),super_junior_yesung,COMEBACK,NEW_EVENT,66,3,2026-09-18T09:10:00+09:00,"슈주 예성, 솔로 10주년 앨범 발매","슈주 , 솔로 10주년 앨범 발매",2026-10-06,2026-10-06,2026-10-06,MEDIUM,10월 6일,BODY,N,,,"슈주 예성, 솔로 10주년 앨범 발매 (제공: 에스엠엔터테인먼트) 그룹 슈퍼주니어 예성이 솔로 데뷔 10주년을 맞아 셀프 디렉팅으로 완성한 정규 앨범을 선보인다. 예성이 오는 10월 6일 정규 2집 ‘웨어 위 아(Where We Are)...",앨범 발매,https://www.bntnews.co.kr/article/view/bnt202609180125,https://www.bntnews.co.kr/article/view/bnt202609180125,https://www.bntnews.co.kr/article/view/bnt202609180125,bntnews.co.kr,NAVER 뉴스 검색,N/A,슈퍼주니어,REVIEW_REQUIRED,DATE_LOW_CONFIDENCE,예성,1,,,naver_news,,1c4516a2ca37a45904e04141,2026-09-18T09:43:23.798593+09:00
71ef0d55102e56e690b69fa2,a7448d00344b21ff1779ca34,NAVER_NEWS,HYBE,빌리프랩,ILLIT (아일릿),illit,COMEBACK,NEW_EVENT,66,3,2026-09-17T17:37:00+09:00,"아일릿, 10월 새 미니앨범 '브레이크 이븐' 발표",브레이크 이븐,2026-10-26,2026-10-26,2026-10-26,MEDIUM,10월 26일,BODY,N,,,"걸그룹 아일릿이다섯 번째 미니앨범 '브레이크 이븐'으로 돌아온다. 빌리프랩은 지난 14일 ""아일릿이 오는 10월 26일 다섯 번째 미니앨범 '브레이크 이븐'(BREAK EVEN)을 발매한다""고 밝혔다. 앨범명 '브레이크 이븐'은...",미니앨범,https://www.ppss.kr/news/articleView.html?idxno=311341,https://www.ppss.kr/news/articleView.html?idxno=311341,https://www.ppss.kr/news/articleView.html?idxno=311341,ppss.kr,NAVER 뉴스 검색,N/A,아일릿,REVIEW_REQUIRED,DATE_LOW_CONFIDENCE,아일릿,1,,,naver_news,,71ef0d55102e56e690b69fa2,2026-09-18T09:43:23.798593+09:00
98a828488f877d1b662d5fa9,646cf6609f600b74ebc70751,NAVER_NEWS,HYBE,플레디스,SEVENTEEN (세븐틴),seventeen,ADDITIONAL_SHOW,EXPLICIT_ADDITIONAL_SHOW,83,8,2026-09-17T13:26:00+09:00,"세븐틴 디노, 마카오 공연 초고속 매진에 추가 회차 개최","디노, 마카오 공연 초고속 매진에 추가 회차",2026-10-10,2026-10-10,2026-10-10,MEDIUM,10월 10일,ENRICHED_BODY,N,마카오|서울,,"그룹 세븐틴 디노가 팬들의 뜨거운 호응에 힘입어 마카오 단독 공연을 추가한다. 17일 소속사... 비롯해 세븐틴의 ‘HOT’, ‘March’ 등을 선보였다. 특히 디노는 자신의 솔로 캐릭터인 피철인과 세븐틴 멤버...",추가 회차,https://www.mk.co.kr/article/12155286,https://www.mk.co.kr/article/12155286,https://m.entertain.naver.com/article/009/0005736610,mk.co.kr,NAVER 뉴스 검색,N/A,세븐틴,REVIEW_REQUIRED,DATE_ENRICHED_REVIEW,세븐틴,3,https://www.topstarnews.net/news/articleView.html?idxno=16196866,,naver_news,,98a828488f877d1b662d5fa9,2026-09-18T09:43:23.798593+09:00
799e10f8c411b33b2fc66465,4b1a9e96c61ee0e819afe806,NAVER_NEWS,HYBE,플레디스,SEVENTEEN (세븐틴),seventeen,ADDITIONAL_SHOW,EXPLICIT_ADDITIONAL_SHOW,78,3,2026-09-17T14:07:00+09:00,"세븐틴 디노, 마카오 단독 공연 예매 시작 동시 매진…추가 공연 예고","디노, 마카오 단독 공연 예매 시작 동시 매진",,,,NONE,,,N,마카오,,"그룹 세븐틴 디노가 마카오 단독 공연이 전석 매진을 기록하자 추가 공연을 예고했다. 17일 하이브... 한편 디노는 지난 2015년 그룹 세븐틴으로 데뷔한 뒤 '만세', '예쁘다', '아주 나이스', '청춘찬가' 등의 곡을...","단독 공연, 추가 공연",https://www.news1.kr/entertain/music/6293870,https://www.news1.kr/entertain/music/6293870,https://m.entertain.naver.com/article/421/0009176724,news1.kr,NAVER 뉴스 검색,N/A,세븐틴,REVIEW_REQUIRED,DATE_NOT_FOUND,세븐틴,1,,,naver_news,,799e10f8c411b33b2fc66465,2026-09-18T09:43:23.798593+09:00
36c5f5b816f8e019f5a8218d,7463fa71b0f8de587d7ef767,NAVER_NEWS,JYP,JYP Japan,NEXZ (넥스지),nexz,TOUR_ANNOUNCEMENT,NEW_EVENT,72,3,2026-09-18T08:22:00+09:00,"NEXZ, 서울 첫 아시아 투어 전 회차 매진에 추가 좌석 연다",서울 첫 아시아 투어 전 회차 매진에 추가 좌석 연다,,,,NONE,,,N,서울,,"NEXZ(넥스지)가 서울에서 펼치는 첫 아시아 투어 공연을 전 회차 매진시키며 티켓 흥행을 확인했다. 여기에 더해 추가 좌석까지 마련되면서 국내 팬들의 현장 관람 기회가 넓어졌다. NEXZ(토모야, 유우, 하루, 소...",아시아 투어,https://www.topstarnews.net/news/articleView.html?idxno=16197650,https://www.topstarnews.net/news/articleView.html?idxno=16197650,https://www.topstarnews.net/news/articleView.html?idxno=16197650,topstarnews.net,NAVER 뉴스 검색,N/A,넥스지,REVIEW_REQUIRED,DATE_NOT_FOUND,NEXZ,1,,,naver_news,,36c5f5b816f8e019f5a8218d,2026-09-18T09:43:23.798593+09:00
6bee56128a94371ae4f80c37,66f0f654a0cbff8bef30746b,NAVER_NEWS,SM,SM Entertainment,YESUNG (예성),super_junior_yesung,COMEBACK,NEW_EVENT,66,3,2026-09-18T09:22:00+09:00,"예성, ""셀프 디렉팅"" 10주년 정규 앨범으로 돌아온다","""셀프 디렉팅"" 10주년 정규 앨범으로 돌아온다",,,,NONE,,,N,,,슈퍼주니어 예성이 솔로 데뷔 10주년을 맞아 직접 기획 단계부터 참여한 정규 앨범을 내놓는다. 이번 작업에서 예성은 셀프 디렉팅을 내세우며 자신의 음악적 색채를 한층 선명하게 드러낼 계획이다. 정규 2집 'Where We...,정규 앨범,https://www.topstarnews.net/news/articleView.html?idxno=16197718,https://www.topstarnews.net/news/articleView.html?idxno=16197718,https://www.topstarnews.net/news/articleView.html?idxno=16197718,topstarnews.net,NAVER 뉴스 검색,N/A,슈퍼주니어,REVIEW_REQUIRED,DATE_NOT_FOUND,예성,1,,,naver_news,,6bee56128a94371ae4f80c37,2026-09-18T09:43:23.798593+09:00
eebd4e8725a98ffceda12587,a97c59afadc673766ec0f4a5,NAVER_NEWS,SM,3세대 그룹,NCT 127,nct_127,TOUR_ANNOUNCEMENT,NEW_EVENT,72,3,2026-09-18T10:46:00+09:00,"엔시티 127, 아시아 투어 돌입…서울 공연 D-day",아시아 투어 돌입,2026-09-18,2026-09-20,2026-09-18|2026-09-19|2026-09-20,MEDIUM,18~20일,BODY,N,서울,올림픽공원 KSPO DOME|케이스포 돔,그룹 엔시티 127(NCT 127)이 다섯 번째 월드투어의 포문을 연다. 엔시티 127은 18~20일 서울 올림픽공원 KSPO DOME(케이스포 돔)에서 'NEO CITY : SEOUL - THE REDLINE(네오 시티 : 서울 - 더 레드라인)'을 열고 관객과 만난다....,아시아 투어,https://enter.etoday.co.kr/news/view/302591,https://enter.etoday.co.kr/news/view/302591,https://enter.etoday.co.kr/news/view/302591,enter.etoday.co.kr,NAVER 뉴스 검색,N/A,엔시티 127,REVIEW_REQUIRED,DATE_LOW_CONFIDENCE,엔시티 127,1,,,naver_news,,eebd4e8725a98ffceda12587,2026-09-19T09:32:05.065069+09:00
28fa18edcc7590d7f6fd42df,45c49dda3b3a4b98cba283c8,NAVER_NEWS,JYP,JYP Japan,NEXZ (넥스지),nexz,TOUR_ANNOUNCEMENT,NEW_EVENT,72,3,2026-09-18T10:18:00+09:00,"NEXZ, 첫 아시아 투어 흥행 시동…추가 좌석 오픈",첫 아시아 투어 흥행 시동,2026-10-17,2026-10-17,2026-10-17,MEDIUM,10월 17일,BODY,N,서울,과 18일 서울 송파구 올림픽홀,NEXZ(넥스지)의 서울 공연이 전 회차 매진됐다. NEXZ는 오는 10월 17일과 18일 서울 송파구 올림픽홀에서 첫 아시아 투어 'NEXZ 1ST ASIA TOUR -SAUCIN' THE WORLD-'의 막을 올린다. 지난 9월 16일 일반 예매가 진행된 가운데...,아시아 투어,http://www.atstar1.com/news/articleView.html?idxno=6038810,http://www.atstar1.com/news/articleView.html?idxno=6038810,https://m.entertain.naver.com/article/415/0000052080,atstar1.com,NAVER 뉴스 검색,N/A,넥스지,REVIEW_REQUIRED,DATE_LOW_CONFIDENCE,NEXZ,1,,,naver_news,,28fa18edcc7590d7f6fd42df,2026-09-19T09:32:05.065069+09:00
1e4a3914468e71fea1b67ab2,33dc15529e45358d4d3ee269,NAVER_NEWS,JYP,Studio J,DAY6,day6,FANMEETING,NEW_EVENT,70,3,2026-09-19T08:04:00+09:00,"데이식스, 10월 개최 팬미팅 3회 전석매진 기염",10월 팬미팅 3회 전석매진 기염,2026-10-23,2026-10-25,2026-10-23|2026-10-24|2026-10-25,MEDIUM,10월 23~25일,BODY,N,인천,인스파이어 아레나,DAY6(데이식스)가 내달 개최하는 팬미팅 전회차 선예매 매진을 달성하는 기염을 토했다. 사진=JYP DAY6는 10월 23~25일 인천 인스파이어 아레나에서 다섯 번째 공식 팬미팅 'DAY6 5TH FANMEETING '(<에브리 데이식스...,팬미팅,https://www.slist.kr/news/articleView.html?idxno=767355,https://www.slist.kr/news/articleView.html?idxno=767355,https://www.slist.kr/news/articleView.html?idxno=767355,slist.kr,NAVER 뉴스 검색,N/A,데이식스,REVIEW_REQUIRED,DATE_LOW_CONFIDENCE,데이식스,1,,,naver_news,,1e4a3914468e71fea1b67ab2,2026-09-19T09:32:05.065069+09:00
96c4f08f8ab6b5537d975145,849603235704a597d5567505,NAVER_NEWS,HYBE,KOZ,BOYNEXTDOOR (보이넥스트도어),boynextdoor,ADDITIONAL_SHOW,EXPLICIT_ADDITIONAL_SHOW,78,3,2026-09-18T13:44:00+09:00,"보이넥스트도어, 홍콩까지 매진 행렬에 월드 투어 추가 회차 확정",홍콩까지 매진 행렬에 월드 투어 추가 회차 확정,,,,NONE,,,N,부산|서울|오사카|홍콩,,"보이넥스트도어(BOYNEXTDOOR)가 첫 월드 투어에서 국내와 일본을 넘어 중화권까지 매진 흐름을 이어가고 있다. 서울과 부산, 일본 오사카·치바·나가노에 이어 대만과 홍콩 공연까지 전 회차가 매진되면서 투어 규모도...","월드 투어, 추가 회차",https://www.topstarnews.net/news/articleView.html?idxno=16198235,https://www.topstarnews.net/news/articleView.html?idxno=16198235,https://www.topstarnews.net/news/articleView.html?idxno=16198235,topstarnews.net,NAVER 뉴스 검색,N/A,보이넥스트도어,REVIEW_REQUIRED,DATE_NOT_FOUND,보이넥스트도어,1,,,naver_news,,96c4f08f8ab6b5537d975145,2026-09-19T09:32:05.065069+09:00
56cf54b29594203958adc00b,fb8b3bd455a1f3f69e62b5b4,NAVER_NEWS,HYBE,KOZ,BOYNEXTDOOR (보이넥스트도어),boynextdoor,ADDITIONAL_SHOW,EXPLICIT_ADDITIONAL_SHOW,78,3,2026-09-18T13:34:00+09:00,"보이넥스트도어, 대만 3회 전석 매진…홍콩도 추가 공연",대만 3회 전석 매진,,,,NONE,,,N,홍콩,,보이넥스트도어가 첫 월드 투어에서 잇단 매진 행렬을 이어가며 글로벌 티켓 파워를 보여주고 있다. 보이넥스트도어는 18일 팬 플랫폼 위버스를 통해 첫 월드 투어 'BOYNEXTDOOR TOUR 'KNOCK ON Vol.2'' 홍콩 공연을 1회...,추가 공연,https://www.slist.kr/news/articleView.html?idxno=767226,https://www.slist.kr/news/articleView.html?idxno=767226,https://www.slist.kr/news/articleView.html?idxno=767226,slist.kr,NAVER 뉴스 검색,N/A,보이넥스트도어,REVIEW_REQUIRED,DATE_NOT_FOUND,보이넥스트도어,1,,,naver_news,,56cf54b29594203958adc00b,2026-09-19T09:32:05.065069+09:00
dad3d51b336a93a45387c573,373d5a6fc295ec41c3b57cb8,NAVER_NEWS,HYBE,플레디스,TWS (투어스),tws,TOUR_ANNOUNCEMENT,NEW_EVENT,72,3,2026-09-19T08:16:00+09:00,"TWS, 마카오서 아시아 투어 '24/7:FOR:YOU' 스타트…이틀간 팬들과 재회",24/7:FOR:YOU,,,,NONE,,,N,마카오,더 런더너 아레나,그룹 TWS(투어스)가 마카오에서 아시아 투어 열기를 이어간다. TWS는 19일부터 20일까지 마카오 더 런더너 아레나에서 '2026 TWS TOUR '24/7:FOR:YOU' IN MACAU' 공연을 펼치며 현지 팬들과 만난다. 이번 공연은 선예매와...,아시아 투어,https://www.topstarnews.net/news/articleView.html?idxno=16199313,https://www.topstarnews.net/news/articleView.html?idxno=16199313,https://www.topstarnews.net/news/articleView.html?idxno=16199313,topstarnews.net,NAVER 뉴스 검색,N/A,투어스,REVIEW_REQUIRED,DATE_NOT_FOUND,TWS,1,,,naver_news,,dad3d51b336a93a45387c573,2026-09-19T09:32:05.065069+09:00
08ca830925bfd66addd31252,8e01791cdb7ebe9481c528dc,NAVER_NEWS,HYBE,플레디스,TWS (투어스),tws,TOUR_ANNOUNCEMENT,NEW_EVENT,72,3,2026-09-19T08:12:00+09:00,"투어스(TWS), 마카오 아시아 투어 성황리 개최... 티켓 전석 매진","투어스( ), 마카오 아시아 투어 성황리",,,,NONE,,,N,마카오,양일간 마카오 더 런더너 아레나,"그룹 투어스(TWS)가 마카오에서 아시아 투어의 열기를 이어간다. 투어스(신유, 도훈, 영재, 한진, 지훈, 경민)는 19일부터 20일까지 양일간 마카오 더 런더너 아레나에서 2026 TWS TOUR '24/7:FOR:YOU' IN MACAU를 개최한다....",아시아 투어,https://www.cbci.co.kr/news/articleView.html?idxno=608259,https://www.cbci.co.kr/news/articleView.html?idxno=608259,https://www.cbci.co.kr/news/articleView.html?idxno=608259,cbci.co.kr,NAVER 뉴스 검색,N/A,투어스,REVIEW_REQUIRED,DATE_NOT_FOUND,TWS,1,,,naver_news,,08ca830925bfd66addd31252,2026-09-19T09:32:05.065069+09:00
5e631c95a97dfea201c7d798,3575aa580bde353cc8d8e6df,NAVER_NEWS,JYP,4세대 그룹,NMIXX,nmixx,COMEBACK,NEW_EVENT,69,3,2026-09-21T08:46:00+09:00,"엔믹스, 10월 19일 컴백…미니앨범 ‘스트레인지 뮤즈’ 발매",스트레인지 뮤즈,2026-10-19,2026-10-19,2026-10-19,HIGH,10월 19일,TITLE,N,,,▲ 엔믹스 [사진 제공 = JYP엔터테인먼트] NMIXX(엔믹스)가 약 5개월 만에 컴백한다. 소속사 JYP엔터테인먼트는 “NMIXX가 오는 10월 19일 미니 6집 'Strange Muse'(스트레인지 뮤즈)를 발매한다”고 밝혔다....,"미니앨범, 컴백",https://www.swtvnews.com/news/newsview.php?ncode=1065569471553756,https://www.swtvnews.com/news/newsview.php?ncode=1065569471553756,https://www.swtvnews.com/news/newsview.php?ncode=1065569471553756,swtvnews.com,NAVER 뉴스 검색,N/A,엔믹스,REVIEW_REQUIRED,MANUAL_APPROVAL_REQUIRED,엔믹스,3,https://www.starnewskorea.com/music/2026/09/21/2026092108011030336|https://www.edaily.co.kr/News/Read?newsId=02135286645582416&mediaCodeNo=257&utm_source=naver&utm_medium=referral&utm_campaign=news_syndication&utm_content=original_article,,naver_news,,5e631c95a97dfea201c7d798,2026-09-21T09:26:14.807733+09:00
e8267554b25a63e2b152a14c,a2585cf3fa7c47b3e5c5a7fa,NAVER_NEWS,JYP,4세대 그룹,NMIXX,nmixx,COMEBACK,NEW_EVENT,66,3,2026-09-21T08:14:00+09:00,"엔믹스, 내달 19일 컴백 확정⋯데뷔 이래 첫 '유닛곡' 담았다",확정⋯데뷔 이래 첫 '유닛곡' 담았다,2026-10-19,2026-10-19,2026-10-19,HIGH,내달 19일,TITLE,N,,,이투데이=장유진 기자 | 그룹 엔믹스(NMIXX)가 다음 달 19일 미니 6집 '스트레인지 뮤즈(Strange Muse)'를 발매하고 컴백한다. 엔믹스는 21일 0시 공식 SNS 채널을 통해 신보 발매 소식을 알리며 트랙리스트를...,컴백,https://www.etoday.co.kr/news/view/2627715,https://www.etoday.co.kr/news/view/2627715,https://www.etoday.co.kr/news/view/2627715,etoday.co.kr,NAVER 뉴스 검색,N/A,엔믹스,REVIEW_REQUIRED,MANUAL_APPROVAL_REQUIRED,엔믹스,1,,,naver_news,,e8267554b25a63e2b152a14c,2026-09-21T09:26:14.807733+09:00
fb3f54b0b40bbbcb194f3256,7bcb935da2fcef576b8580e7,NAVER_NEWS,JYP,4세대 그룹,NMIXX,nmixx,COMEBACK,NEW_EVENT,66,3,2026-09-21T08:13:00+09:00,"엔믹스, 10월 19일 컴백 확정…데뷔 첫 유닛곡 수록 [공식]",NMIXX 컴백,2026-10-19,2026-10-19,2026-10-19,HIGH,10월 19일,TITLE,N,,,그룹 엔믹스(NMIXX)가 약 5개월 만의 컴백을 공식화했다. 21일 0시 소속사 JYP엔터테인먼트는 공식 SNS 채널을 통해 엔믹스 엔믹스의 미니 6집 'Strange Muse'(스트레인지 뮤즈) 발매 소식과 함께...,컴백,https://www.mydaily.co.kr/page/view/2026092108044613191,https://www.mydaily.co.kr/page/view/2026092108044613191,https://m.entertain.naver.com/article/117/0004107500,mydaily.co.kr,NAVER 뉴스 검색,N/A,엔믹스,REVIEW_REQUIRED,MANUAL_APPROVAL_REQUIRED,엔믹스,1,,,naver_news,,fb3f54b0b40bbbcb194f3256,2026-09-21T09:26:14.807733+09:00
b2d4567e58c9146b2b5aaad5,29c85649a34aa84c26c4fe14,NAVER_NEWS,JYP,4세대 그룹,NMIXX,nmixx,COMEBACK,NEW_EVENT,66,3,2026-09-21T08:06:00+09:00,"'첫 대상' 엔믹스, 10월 19일 가요계 컴백…'Strange Muse' 발표(공식)","'첫 대상' , 가요계",2026-10-19,2026-10-19,2026-10-19,HIGH,10월 19일,TITLE,N,,,그룹 엔믹스가 오는 10월 19일 미니 6집 'Strange Muse'를 발매하며 컴백한다. 21일 JYP엔터테인먼트는 공식 SNS 채널을 통해 엔믹스의 신보 트랙리스트를 공개했다. 앨범에는 타이틀곡 '긴 소원 (Birthday...,컴백,http://www.joynews24.com/view/2007608,http://www.joynews24.com/view/2007608,http://www.joynews24.com/view/2007608,joynews24.com,NAVER 뉴스 검색,N/A,엔믹스,REVIEW_REQUIRED,MANUAL_APPROVAL_REQUIRED,엔믹스,1,,,naver_news,,b2d4567e58c9146b2b5aaad5,2026-09-21T09:26:14.807733+09:00
406d16d7b592177efc633f05,a9868c3d66a35f6d2109b20b,NAVER_NEWS,JYP,Studio J,Xdinary Heroes,xdinary_heroes,COMEBACK,NEW_EVENT,69,3,2026-09-21T16:23:00+09:00,"엑스디너리 히어로즈, 5인 체제로 첫 컴백…10월 12일 신보 발매",5인 체제로 첫,2026-10-12,2026-10-12,2026-10-12,HIGH,10월 12일,TITLE,N,,,밴드 엑스디너리 히어로즈가 5인 체제 재편 후 컴백한다. 21일 소속사 JYP엔터테인먼트(035900)는 엑스디너리 히어로즈가 오는 10월 12일 오후 6시 미니 9집 '임펄스'(IMPULSE)를 발매한다고 알렸다. 이날 0시 공식...,"신보 발매, 컴백",https://www.news1.kr/entertain/music/6297596,https://www.news1.kr/entertain/music/6297596,https://m.entertain.naver.com/article/421/0009183995,news1.kr,NAVER 뉴스 검색,N/A,엑스디너리 히어로즈,REVIEW_REQUIRED,MANUAL_APPROVAL_REQUIRED,엑스디너리 히어로즈,1,,,naver_news,,406d16d7b592177efc633f05,2026-09-22T10:03:38.069807+09:00
a022210020812c8d1eef3870,2ba386b29e46b7e2fd88b8f0,NAVER_NEWS,JYP,Studio J,Xdinary Heroes,xdinary_heroes,COMEBACK,NEW_EVENT,69,3,2026-09-21T15:07:00+09:00,‘건일 탈퇴’ 엑스디너리 히어로즈 전격 컴백..10월 12일 신보 발매[공...,‘건일 탈퇴’ 전격 .. [공,2026-10-12,2026-10-12,2026-10-12,HIGH,10월 12일,TITLE,N,,,"JYP엔터테인먼트(이하 JYP) 보이밴드 엑스디너리 히어로즈(Xdinary Heroes, XH)가 10월 12일 돌아온다. JYP는 9월 21일 0시 그룹 공식 SNS 채널에 무드 필름을 게재하고 엑스디너리 히어로즈의 새 앨범 발매 소식을...","신보 발매, 컴백",https://www.heraldmuse.com/article/10880849?ref=naver,https://www.heraldmuse.com/article/10880849?ref=naver,https://m.entertain.naver.com/article/112/0003807945,heraldmuse.com,NAVER 뉴스 검색,N/A,엑스디너리 히어로즈,REVIEW_REQUIRED,MANUAL_APPROVAL_REQUIRED,엑스디너리 히어로즈,2,https://www.mydaily.co.kr/page/view/2026092113010690776,,naver_news,,a022210020812c8d1eef3870,2026-09-22T10:03:38.069807+09:00
54aca77d1977bd28f13aae08,53411444bc0018523f34b648,NAVER_NEWS,JYP,Studio J,Xdinary Heroes,xdinary_heroes,COMEBACK,NEW_EVENT,69,3,2026-09-21T13:51:00+09:00,"엑스디너리 히어로즈, 10월 12일 컴백…미니 앨범 ‘임펄스’ 발매",임펄스,2026-10-12,2026-10-12,2026-10-12,HIGH,10월 12일,TITLE,N,,,"밴드 엑스디너리 히어로즈(정수, 가온, 오드, 준한, 주연)가 오는 10월 12일 새 미니앨범 ‘임펄스’를 발매하고 컴백한다. 소속사 JYP 엔터테인먼트는 21일 공식 사회관계망서비스(SNS)를 통해 무드 필름과 컴백 포스터...","미니 앨범, 컴백",https://isplus.com/article/view/isp202609210084,https://isplus.com/article/view/isp202609210084,https://m.entertain.naver.com/article/241/0003531707,isplus.com,NAVER 뉴스 검색,N/A,엑스디너리 히어로즈,REVIEW_REQUIRED,MANUAL_APPROVAL_REQUIRED,엑스디너리 히어로즈,2,https://swtvnews.com/news/newsview.php?ncode=1065589329766331,,naver_news,,54aca77d1977bd28f13aae08,2026-09-22T10:03:38.069807+09:00
24dd4b66c38cf51981431dbf,7bcb935da2fcef576b8580e7,NAVER_NEWS,JYP,4세대 그룹,NMIXX,nmixx,COMEBACK,NEW_EVENT,66,3,2026-09-21T15:38:00+09:00,"엔믹스, 다음달 19일 컴백 확정",NMIXX 컴백,2026-10-19,2026-10-19,2026-10-19,HIGH,다음달 19일,TITLE,N,,,미니 6집 'Strange Muse' 발매...약 5개월 만의 신보 엔믹스(NMIXX)가 다음달 19일 컴백을 확정했다. JYP엔터테인먼트는 21일 0시 공식 SNS를 통해 엔믹스의 미니 6집 'Strange Muse'(스트레인지 뮤즈) 발매 소식과 함께...,컴백,https://www.raonnews.com/news/article.html?no=61315,https://www.raonnews.com/news/article.html?no=61315,https://www.raonnews.com/news/article.html?no=61315,raonnews.com,NAVER 뉴스 검색,N/A,엔믹스,REVIEW_REQUIRED,MANUAL_APPROVAL_REQUIRED,엔믹스,1,,,naver_news,,24dd4b66c38cf51981431dbf,2026-09-22T10:03:38.069807+09:00
2f7dc7bf12b1dddfb6ca8f9c,7bcb935da2fcef576b8580e7,NAVER_NEWS,JYP,4세대 그룹,NMIXX,nmixx,COMEBACK,NEW_EVENT,66,3,2026-09-21T14:20:00+09:00,"엔믹스, 10월 19일 컴백확정… 첫 유닛곡 담은 '스트레인지 뮤즈'",NMIXX 컴백,2026-10-19,2026-10-19,2026-10-19,HIGH,10월 19일,TITLE,N,,,그룹 엔믹스(NMIXX)가 오는 10월 19일 미니 6집으로 컴백한다. JYP엔터테인먼트는 21일 0시 공식 SNS 채널을 통해 엔믹스의 여섯 번째 미니 앨범 '스트레인지 뮤즈(Strange Muse)' 발매 소식과 함께 트랙리스트를...,컴백,http://www.tvdaily.co.kr/read.php3?aid=17899679551802958010,http://www.tvdaily.co.kr/read.php3?aid=17899679551802958010,https://m.entertain.naver.com/article/440/0000046150,tvdaily.co.kr,NAVER 뉴스 검색,N/A,엔믹스,REVIEW_REQUIRED,MANUAL_APPROVAL_REQUIRED,엔믹스,1,,,naver_news,,2f7dc7bf12b1dddfb6ca8f9c,2026-09-22T10:03:38.069807+09:00
fb7c51d0e11581db273afdf9,7bcb935da2fcef576b8580e7,NAVER_NEWS,JYP,4세대 그룹,NMIXX,nmixx,COMEBACK,NEW_EVENT,66,3,2026-09-21T10:49:00+09:00,"엔믹스, 10월 19일 컴백 확정…'Strange Muse'로 가을 매력 정조준",NMIXX 컴백,2026-10-19,2026-10-19,2026-10-19,HIGH,10월 19일,TITLE,N,,,그룹 엔믹스(NMIXX)가 몽환적인 가을 감성을 품은 새 앨범으로 5개월 만에 가요계에 돌아온다. 21일 소속사 JYP엔터테인먼트 측은 공식 채널을 통해 엔믹스가 오는 10월 19일 미니 6집 'Strange Muse(스트레인지 뮤즈)'로...,컴백,https://www.nc.press/news/articleView.html?idxno=626937,https://www.nc.press/news/articleView.html?idxno=626937,https://www.nc.press/news/articleView.html?idxno=626937,nc.press,NAVER 뉴스 검색,N/A,엔믹스,REVIEW_REQUIRED,MANUAL_APPROVAL_REQUIRED,엔믹스,1,,,naver_news,,fb7c51d0e11581db273afdf9,2026-09-22T10:03:38.069807+09:00
5990519ae0655b3707c5ec24,3575aa580bde353cc8d8e6df,NAVER_NEWS,JYP,4세대 그룹,NMIXX,nmixx,COMEBACK,NEW_EVENT,66,3,2026-09-21T10:16:00+09:00,"엔믹스, 10월 19일 컴백…미니 6집 '스트레인지 뮤즈' 발표",스트레인지 뮤즈,2026-10-19,2026-10-19,2026-10-19,HIGH,10월 19일,TITLE,N,,,그룹 엔믹스(NMIXX)가 10월 19일 컴백한다. 21일 소속사 JYP엔터테인먼트(035900)에 따르면 엔믹스는 오는 10월 19일 미니 6집 '스트레인지 뮤즈'(Strange Muse)를 발매한다. 지난 5월 발매한 미니 5집 '헤비 세레나데...,컴백,https://www.news1.kr/entertain/music/6296808,https://www.news1.kr/entertain/music/6296808,https://m.entertain.naver.com/article/421/0009182605,news1.kr,NAVER 뉴스 검색,N/A,엔믹스,REVIEW_REQUIRED,MANUAL_APPROVAL_REQUIRED,엔믹스,2,http://www.breaknews.com/1238096,,naver_news,,5990519ae0655b3707c5ec24,2026-09-22T10:03:38.069807+09:00
de4731a6c94d76ac7ca605b2,c2f7b2b2be141ad180f7e53f,NAVER_NEWS,JYP,3세대 그룹,TWICE,twice,TOUR_ANNOUNCEMENT,NEW_EVENT,72,3,2026-09-22T08:14:00+09:00,"트와이스, 월드투어 서울 피날레 바이닐 발매",월드투어 서울 피날레 바이닐 발매,2026-10-16,2026-10-16,2026-10-16,MEDIUM,10월 16일,BODY,N,서울,,그룹 트와이스가 월드투어 서울 피날레 공연의 열기를 스페셜 바이닐에 담는다. 총 28곡의 라이브 음원과 팬덤 원스의 함성까지 수록해 월드투어의 추억을 기념한다. 트와이스는 오는 10월 16일 오후 1시 월드투어...,월드투어,https://www.bntnews.co.kr/article/view/bnt202609220071,https://www.bntnews.co.kr/article/view/bnt202609220071,https://www.bntnews.co.kr/article/view/bnt202609220071,bntnews.co.kr,NAVER 뉴스 검색,N/A,트와이스,REVIEW_REQUIRED,DATE_LOW_CONFIDENCE,트와이스,1,,,naver_news,,de4731a6c94d76ac7ca605b2,2026-09-22T10:03:38.069807+09:00
d1241d573988ffabf3519dbd,06407b5d2187cb55b02f96e8,NAVER_NEWS,JYP,3세대 그룹,TWICE,twice,TOUR_ANNOUNCEMENT,NEW_EVENT,72,3,2026-09-22T08:06:00+09:00,"트와이스, 월드투어 'THIS IS FOR' 서울 피날레 라이브 바이닐 발매",THIS IS FOR,2026-10-16,2026-10-16,2026-10-16,MEDIUM,10월 16일,BODY,N,서울,,트와이스와 팬덤 원스(ONCE)가 함께한 월드투어 서울 피날레 공연의 라이브와 함성이 스페셜 바이닐로 재현된다. 트와이스는 오는 10월 16일 오후 1시 'TWICE Special Vinyl 'THIS IS FOR' WORLD TOUR FINALE in SEOUL...,월드투어,https://www.slist.kr/news/articleView.html?idxno=767952,https://www.slist.kr/news/articleView.html?idxno=767952,https://www.slist.kr/news/articleView.html?idxno=767952,slist.kr,NAVER 뉴스 검색,N/A,트와이스,REVIEW_REQUIRED,DATE_LOW_CONFIDENCE,트와이스,1,,,naver_news,,d1241d573988ffabf3519dbd,2026-09-22T10:03:38.069807+09:00
f8212d3076e62cfee8917ccd,2534151a95a3a18a024a3c87,NAVER_NEWS,JYP,Studio J,Xdinary Heroes,xdinary_heroes,COMEBACK,NEW_EVENT,66,3,2026-09-21T13:18:00+09:00,"엑스디너리 히어로즈, 10월 컴백 확정",10월 확정,2026-10-12,2026-10-12,2026-10-12,MEDIUM,10월 12일,BODY,N,,,"엑스디너리 히어로즈, 10월 컴백 확정 (제공: JYP엔터테인먼트) 엑스디너리 히어로즈(Xdinary Heroes, XH)가 오는 10월 12일 새 미니 앨범으로 컴백한다. JYP는 오늘(21일) 0시 그룹 공식 SNS 채널을 통해 엑스디너리...",컴백,https://www.bntnews.co.kr/article/view/bnt202609210211,https://www.bntnews.co.kr/article/view/bnt202609210211,https://www.bntnews.co.kr/article/view/bnt202609210211,bntnews.co.kr,NAVER 뉴스 검색,N/A,엑스디너리 히어로즈,REVIEW_REQUIRED,DATE_LOW_CONFIDENCE,엑스디너리 히어로즈,1,,,naver_news,,f8212d3076e62cfee8917ccd,2026-09-22T10:03:38.069807+09:00
a9f9a3725733add403cbaaad,21418add1af59ec5eedd6038,NAVER_NEWS,JYP,Studio J,Xdinary Heroes,xdinary_heroes,COMEBACK,NEW_EVENT,69,3,2026-09-21T13:10:00+09:00,"엑스디너리 히어로즈, 새 미니 앨범 'IMPULSE'로 10월 컴백 확정",IMPULSE,,,,CONFLICT,,,Y,,,엑스디너리 히어로즈가 새 미니 앨범 'IMPULSE'로 가을 컴백을 예고했다. JYP엔터테인먼트 보이밴드인 엑스디너리 히어로즈는 10월 12일 새 음반을 발매하며 신보 활동에 나선다. 이번 컴백 소식은 9월 21일 0시 공식 SNS...,"미니 앨범, 컴백",https://www.topstarnews.net/news/articleView.html?idxno=16203874,https://www.topstarnews.net/news/articleView.html?idxno=16203874,https://www.topstarnews.net/news/articleView.html?idxno=16203874,topstarnews.net,NAVER 뉴스 검색,N/A,엑스디너리 히어로즈,REVIEW_REQUIRED,DATE_CONFLICT,엑스디너리 히어로즈,1,,,naver_news,,a9f9a3725733add403cbaaad,2026-09-22T10:03:38.069807+09:00
9a98bda2da40d95199640215,45a08ef74c0a1e708c3f732c,NAVER_NEWS,SM,SM Entertainment,MINHO (민호),shinee_minho,TOUR_ANNOUNCEMENT,NEW_EVENT,72,3,2026-09-22T16:27:00+09:00,"샤이니 민호, 두 번째 솔로 투어 개최..11월 28일 서울서 포문",두 번째 솔로 투어 .. 서울서 포문,2026-11-28,2026-11-28,2026-11-28,HIGH,11월 28일,TITLE,N,서울,과 29일 양일간 서울 강서구 KBS 아레나|과 29일 양일간 서울 강서구 KBS아레나|양일간 서울 강서구 KBS아레나,"샤이니 민호가 오는 11월 서울 공연을 시작으로 두 번째 솔로 투어에 돌입한다. 민호는 11월 28~29일 양일간 서울 강서구 KBS아레나에서 ‘MINHO CONCERT ’(민호 콘서트 <민 : 오브 페럴>)을 개최, ‘2024 MINHO CONCERT...",투어 개최,https://www.heraldmuse.com/article/10882433?ref=naver,https://www.heraldmuse.com/article/10882433?ref=naver,https://m.entertain.naver.com/article/112/0003808101,heraldmuse.com,NAVER 뉴스 검색,N/A,샤이니,REVIEW_REQUIRED,MANUAL_APPROVAL_REQUIRED,샤이니 민호,4,http://www.beyondpost.co.kr/view.php?ud=20260922145050225d3244b4fed_30|https://mhnse.com/news/articleView.html?idxno=1557471|https://isplus.com/article/view/isp202609220147,,naver_news,,9a98bda2da40d95199640215,2026-09-23T09:52:22.605017+09:00
e99337f3d027c2bdd4eda6a3,16dc2a054096f443df078b5b,NAVER_NEWS,JYP,4세대 그룹,NMIXX,nmixx,COMEBACK,NEW_EVENT,69,3,2026-09-23T09:37:00+09:00,"엔믹스, 새 앨범 타이틀곡은 '긴 소원'…컴백 모드 돌입",타이틀곡은 '긴 소원',2026-10-19,2026-10-19,2026-10-19,MEDIUM,10월 19일,BODY,N,,,멤버 유닛곡 포함 6곡 수록 10월 19일 오후 6시 정식 발매 그룹 엔믹스(NMIXX)가 새 앨범 트랙리스트를 공개하고 본격적인 컴백 모드에 들어갔다. 소속사 JYP엔터테인먼트는 22일 오후 엔믹스(오해원 릴리 배이...,"새 앨범, 컴백",https://news.tf.co.kr/read/entertain/2369238.htm,https://news.tf.co.kr/read/entertain/2369238.htm,https://m.entertain.naver.com/article/629/0000536468,news.tf.co.kr,NAVER 뉴스 검색,N/A,엔믹스,REVIEW_REQUIRED,DATE_LOW_CONFIDENCE,엔믹스,1,,,naver_news,,e99337f3d027c2bdd4eda6a3,2026-09-23T09:52:22.605017+09:00
82f23bda42aea9b663bea04b,5b96de0e80a38dc14030ded0,NAVER_NEWS,JYP,4세대 그룹,NMIXX,nmixx,COMEBACK,NEW_EVENT,66,3,2026-09-23T09:24:00+09:00,"엔믹스, 10월 컴백 확정",10월 확정,2026-10-19,2026-10-19,2026-10-19,MEDIUM,10월 19일,BODY,N,,,"엔믹스, 10월 컴백 확정 (제공: JYP엔터테인먼트) NMIXX(엔믹스)가 새 미니 앨범으로 컴백을 확정하고 본격적인 티징에 돌입한다. NMIXX는 오는 10월 19일 여섯 번째 미니 앨범 ‘Strange Muse(스트레인지...",컴백,https://www.bntnews.co.kr/article/view/bnt202609230114,https://www.bntnews.co.kr/article/view/bnt202609230114,https://www.bntnews.co.kr/article/view/bnt202609230114,bntnews.co.kr,NAVER 뉴스 검색,N/A,엔믹스,REVIEW_REQUIRED,DATE_LOW_CONFIDENCE,엔믹스,1,,,naver_news,,82f23bda42aea9b663bea04b,2026-09-23T09:52:22.605017+09:00
257f64010395de6c8511957d,abe710a15c35093f5e1fc83c,NAVER_NEWS,HYBE,플레디스,SEVENTEEN (세븐틴),seventeen,COMEBACK,NEW_EVENT,71,8,2026-09-23T08:28:00+09:00,"세븐틴 정한·조슈아, 새 유닛 결성…내달 데뷔 앨범 발매","정한·조슈아, 새 유닛 결성",,,,NONE,,,N,,,"보이그룹 세븐틴의 정한과 조슈아가 유닛 앨범을 내놓는다. 정한(왼쪽), 조슈아(사진=플레디스... 2015년 데뷔한 세븐틴 팀 내에는 부석순, 정한X원우, 호시X우지, 에스쿱스X민규, 도겸X승관, V8 등 다양한 유닛이 존재한다....",앨범 발매,https://www.edaily.co.kr/News/Read?newsId=02607606645583072&mediaCodeNo=257&utm_source=naver&utm_medium=referral&utm_campaign=news_syndication&utm_content=original_article,https://www.edaily.co.kr/News/Read?newsId=02607606645583072&mediaCodeNo=257&utm_source=naver&utm_medium=referral&utm_campaign=news_syndication&utm_content=original_article,https://m.entertain.naver.com/article/018/0006374743,edaily.co.kr,NAVER 뉴스 검색,N/A,세븐틴,REVIEW_REQUIRED,DATE_NOT_FOUND,세븐틴,1,,,naver_news,,257f64010395de6c8511957d,2026-09-23T09:52:22.605017+09:00
0d4e88139f008884a52eb68b,21418add1af59ec5eedd6038,NAVER_NEWS,JYP,Studio J,Xdinary Heroes,xdinary_heroes,COMEBACK,NEW_EVENT,66,3,2026-09-22T13:08:00+09:00,"엑스디너리 히어로즈, 새 미니 앨범 'IMPULSE'로 돌아온다",IMPULSE,,,,NONE,,,N,,,"엑스디너리 히어로즈(Xdinary Heroes, XH)가 새 미니 앨범 'IMPULSE'로 가을 가요계에 합류한다. 보이밴드로 활동 중인 이들은 자체 작업 곡을 앞세운 신보로 한층 확장된 활동 국면을 연다. 엑스디너리...",미니 앨범,https://www.topstarnews.net/news/articleView.html?idxno=16206782,https://www.topstarnews.net/news/articleView.html?idxno=16206782,https://www.topstarnews.net/news/articleView.html?idxno=16206782,topstarnews.net,NAVER 뉴스 검색,N/A,엑스디너리 히어로즈,REVIEW_REQUIRED,DATE_NOT_FOUND,엑스디너리 히어로즈,1,,,naver_news,,0d4e88139f008884a52eb68b,2026-09-23T09:52:22.605017+09:00
d2d71e43d815f43ddd1f118d,cfd927333c7b0cfc1ae8a248,NAVER_NEWS,HYBE,빅히트 뮤직,TXT (투모로우바이투게더),txt,ADDITIONAL_SHOW,EXPLICIT_ADDITIONAL_SHOW,78,3,2026-09-23T10:15:00+09:00,"TXT, 마카오 2회 공연 매진됐다…월드투어 추가 공연 확정",마카오 2회 공연 매진됐다,2026-11-20,2026-11-20,2026-11-20,MEDIUM,11월 20일,BODY,N,마카오,,그룹 투모로우바이투게더(TXT)가 월드투어 마카오 공연을 한 차례 추가한다. 23일 소속사 빅히트 뮤직에 따르면 투모로우바이투게더는 지난 22일 일반 예매에서 마카오 공연 2회차가 매진되면서 11월 20일 공연을...,"월드투어, 추가 공연",https://www.tenasia.co.kr/article/2026092329614,https://www.tenasia.co.kr/article/2026092329614,https://m.entertain.naver.com/article/312/0000777268,tenasia.co.kr,NAVER 뉴스 검색,N/A,투모로우바이투게더,REVIEW_REQUIRED,DATE_LOW_CONFIDENCE,TXT,1,,,naver_news,,d2d71e43d815f43ddd1f118d,2026-09-24T09:47:59.847990+09:00
37a89881976cd1fba33f5393,7096461d65829c07afe0997e,NAVER_NEWS,HYBE,빅히트 뮤직,TXT (투모로우바이투게더),txt,ADDITIONAL_SHOW,EXPLICIT_ADDITIONAL_SHOW,78,3,2026-09-23T15:02:00+09:00,"TXT, 마카오 전석 매진에 추가 공연 확정…사흘간 MOA 만난다",마카오 전석 매진에 추가 공연 확정,2026-11-21,2026-11-22,2026-11-21|2026-11-22,HIGH,11월 21~22일,ENRICHED_BODY,N,마카오,,투모로우바이투게더가 월드투어 마카오 공연 매진에 힘입어 추가 회차를 확정했다. 투모로우바이투게더의 새 월드투어 'TOMORROW X TOGETHER WORLD TOUR -STEAL THE WIND-' 마카오 공연은 지난 22일 일반 예매에서 전석...,추가 공연,http://www.atstar1.com/news/articleView.html?idxno=6038963,http://www.atstar1.com/news/articleView.html?idxno=6038963,https://m.entertain.naver.com/article/415/0000052216,atstar1.com,NAVER 뉴스 검색,N/A,투모로우바이투게더,REVIEW_REQUIRED,DATE_ENRICHED_REVIEW,TXT,2,,,naver_news,,37a89881976cd1fba33f5393,2026-09-24T09:47:59.847990+09:00
53ea5405143bff78c0a9760a,b2ae6865fc58bc0c9eb930ca,NAVER_NEWS,HYBE,빅히트 뮤직,TXT (투모로우바이투게더),txt,ADDITIONAL_SHOW,EXPLICIT_ADDITIONAL_SHOW,78,3,2026-09-23T12:24:00+09:00,"TXT(투모로우바이투게더), 마카오 공연 매진시키고 추가 회차 확정","TXT( ), 마카오 공연 매진시키고 추가 회차 확정",,,,NONE,,,N,마카오,,올해 라인업 중 유일한 한국 가수로 참여해 관객들과 만난다. 연준은 솔로 퍼포먼스도 선보인다. 한국 남자 솔로 가수가 이곳에서 공연을 펼치는 것은 2023년 방탄소년단 정국 이후 두 번째다.,추가 회차,https://sports.khan.co.kr/article/202609231223003?pt=nv,https://sports.khan.co.kr/article/202609231223003?pt=nv,https://m.entertain.naver.com/article/144/0001140068,sports.khan.co.kr,NAVER 뉴스 검색,N/A,방탄소년단,REVIEW_REQUIRED,DATE_NOT_FOUND,투모로우바이투게더,1,,,naver_news,,53ea5405143bff78c0a9760a,2026-09-24T09:47:59.847990+09:00
2b2d3fc26724194a1e038476,68e0eeb5fe61ea08b0ef9e16,NAVER_NEWS,HYBE,빅히트 뮤직,TXT (투모로우바이투게더),txt,TOUR_ANNOUNCEMENT,NEW_EVENT,74,5,2026-09-23T11:34:00+09:00,"투모로우바이투게더, 월드투어 추가쇼 확정했다…마카오 공연도 전석 매...",월드투어 추가쇼 확정했다,,,,NONE,,,N,마카오,,"그룹 투모로우바이투게더가 새 월드 투어 마카오 공연을 전석 매진시키며 뜨거운 글로벌 인기를 다시 한번 입증했다. 투모로우바이투게더(수빈, 연준, 범규, 태현, 휴닝카이)의 새 월드 투어 ‘TOMORROW X TOGETHER...",월드투어,http://www.osen.co.kr/article/G1112880532,http://www.osen.co.kr/article/G1112880532,https://m.entertain.naver.com/article/109/0005611379,osen.co.kr,NAVER 뉴스 검색,N/A,투모로우바이투게더,REVIEW_REQUIRED,DATE_NOT_FOUND,투모로우바이투게더,1,,,naver_news,,2b2d3fc26724194a1e038476,2026-09-24T09:47:59.847990+09:00
d61b7d49b3ffd0fecd05ff56,f204aadd211c087b406466d0,NAVER_NEWS,HYBE,플레디스,SEVENTEEN (세븐틴),seventeen,COMEBACK,NEW_EVENT,71,8,2026-09-24T09:29:00+09:00,세븐틴 정한X조슈아가 펼칠 꿈의 정경…컴백 카운트다운 돌입,정한X조슈아가 펼칠 꿈의 정경,,,,NONE,,,N,,,그룹 세븐틴의 새 유닛 정한X조슈아가 첫 미니앨범 ‘DREAMSCAPE’ 발매를 앞두고 본격적인 컴백 카운트다운에 돌입했다. 정한X조슈아는 23일 밤 12시 세븐틴 공식 SNS를 통해 미니 1집 ‘DREAMSCAPE’의 프로모션...,컴백,https://www.mk.co.kr/article/12160822,https://www.mk.co.kr/article/12160822,https://m.entertain.naver.com/article/009/0005739755,mk.co.kr,NAVER 뉴스 검색,N/A,세븐틴,REVIEW_REQUIRED,DATE_NOT_FOUND,세븐틴,1,,,naver_news,,d61b7d49b3ffd0fecd05ff56,2026-09-24T09:47:59.847990+09:00
4b448023b5ea6405efdca62d,ddff99079c71651ba5f28aaf,NAVER_NEWS,HYBE,플레디스,SEVENTEEN (세븐틴),seventeen,COMEBACK,NEW_EVENT,71,5,2026-09-24T09:05:00+09:00,"세븐틴 정한X조슈아, 컴백 카운트다운 돌입…첫 미니앨범 스케줄러 공개","정한X조슈아, 돌입",,,,NONE,,,N,,,세븐틴의 새 유닛 정한X조슈아가 첫 미니앨범 발매를 앞두고 본격적인 컴백 카운트다운에 돌입했다. 정한X조슈아는 24일 0시 세븐틴 공식 SNS를 통해 미니 1집 ‘DREAMSCAPE’의 프로모션 스케줄러를 공개했다....,"미니앨범, 컴백",http://www.osen.co.kr/article/G1112881066,http://www.osen.co.kr/article/G1112881066,https://m.entertain.naver.com/article/109/0005611896,osen.co.kr,NAVER 뉴스 검색,N/A,세븐틴,REVIEW_REQUIRED,DATE_NOT_FOUND,세븐틴,1,,,naver_news,,4b448023b5ea6405efdca62d,2026-09-24T09:47:59.847990+09:00
a0d969bd4ac3b981971e8696,e7ea9b45eff5e04511274b46,NAVER_NEWS,JYP,4세대 그룹,NMIXX,nmixx,COMEBACK,NEW_EVENT,66,3,2026-09-23T15:55:00+09:00,"'가요 시상식 첫 대상' 엔믹스, 본격 활약 예고…컴백 카운트다운 돌입","'가요 시상식 첫 대상' , 본격 활약 예고",,,,NONE,,,N,,,그룹 NMIXX(엔믹스)가 다채로운 티징 콘텐츠로 컴백을 예고했다. 엔믹스는 22일 여섯 번째 미니 앨범 'Strange Muse'(스트레인지 뮤즈) 발매를 앞두고 스케줄러 이미지를 게재했다. 이에 따르면 NMIXX는...,컴백,https://www.xportsnews.com/article/2199437,https://www.xportsnews.com/article/2199437,https://m.entertain.naver.com/article/311/0002060738,xportsnews.com,NAVER 뉴스 검색,N/A,엔믹스,REVIEW_REQUIRED,DATE_NOT_FOUND,엔믹스,1,,,naver_news,,a0d969bd4ac3b981971e8696,2026-09-24T09:47:59.847990+09:00
f121491e77937f908b9a0d8e,3a7ff2328f8e15f34189cf88,NAVER_NEWS,HYBE,플레디스,SEVENTEEN (세븐틴),seventeen,COMEBACK,NEW_EVENT,71,8,2026-09-24T11:11:00+09:00,"세븐틴 준, 28일 첫 중국 EP 발매…3년 만에 솔로 컴백","준, 첫 중국 EP 발매",2026-09-28,2026-09-28,2026-09-28,MEDIUM,28일,TITLE,N,,,그룹 세븐틴 준이 첫 중국 EP를 발표하고 현지에서 솔로 아티스트로서 새로운 행보에 나선다. 소속사 플레디스 엔터테인먼트는 24일 준이 오는 28일 첫 중국 EP ‘9’를 발매한다고 밝혔다. 이번 앨범은 지난 2023년 7월 중국...,컴백,https://www.mk.co.kr/article/12160854,https://www.mk.co.kr/article/12160854,https://m.entertain.naver.com/article/009/0005739777,mk.co.kr,NAVER 뉴스 검색,N/A,세븐틴,REVIEW_REQUIRED,DATE_LOW_CONFIDENCE,세븐틴,5,https://www.mk.co.kr/article/12160845|http://www.osen.co.kr/article/G1112881159|http://www.dispatch.co.kr/2348385|http://www.tvdaily.co.kr/read.php3?aid=17902147051803398010,,naver_news,,f121491e77937f908b9a0d8e,2026-09-25T09:43:37.310054+09:00
d0fa274ab2dbed9c2e38373a,d8ba091698b13fe1522d3d15,NAVER_NEWS,HYBE,플레디스,SEVENTEEN (세븐틴),seventeen,ADDITIONAL_SHOW,EXPLICIT_ADDITIONAL_SHOW,78,3,2026-09-25T09:08:00+09:00,"세븐틴 디노, 마카오 공연 전 회차 매진…추가 공연도 완판","디노, 마카오 공연 전 회차 매진",2026-10-10,2026-10-10,2026-10-10,MEDIUM,10월 10일,BODY,N,마카오,,세븐틴 디노가 마카오에서도 강한 티켓 파워를 입증했다. 25일 플레디스 엔터테인먼트에 따르면 '2026 DINOxPICHEOLIN [吉BOARD SHOW] - MACAU'는 추가 회차까지 전석 매진됐다. 당초 공연은 오는 10월 10일 하루만 열릴...,추가 공연,https://www.slist.kr/news/articleView.html?idxno=768718,https://www.slist.kr/news/articleView.html?idxno=768718,https://www.slist.kr/news/articleView.html?idxno=768718,slist.kr,NAVER 뉴스 검색,N/A,세븐틴,REVIEW_REQUIRED,DATE_LOW_CONFIDENCE,세븐틴,1,,,naver_news,,d0fa274ab2dbed9c2e38373a,2026-09-25T09:43:37.310054+09:00
85f0d34d738673718123acb4,ce52d81b881c6554e029878f,NAVER_NEWS,HYBE,플레디스,SEVENTEEN (세븐틴),seventeen,ADDITIONAL_SHOW,EXPLICIT_ADDITIONAL_SHOW,78,3,2026-09-25T09:14:00+09:00,"세븐틴 디노, 마카오 '吉BOARD SHOW' 추가 공연까지 전석 매진","디노, 마카오 '吉BOARD SHOW' 추가 공연까지 전석 매진",,,,NONE,,,N,마카오,,세븐틴 디노가 마카오에서 펼치는 단독 공연으로 다시 한 번 티켓 파워를 입증했다. 마카오 '吉BOARD SHOW'가 추가 회차까지 모두 매진되며 현지에서의 높은 관심을 보여줬다. 플레디스 엔터테인먼트에 따르면 '2026...,추가 공연,https://www.topstarnews.net/news/articleView.html?idxno=16212291,https://www.topstarnews.net/news/articleView.html?idxno=16212291,https://www.topstarnews.net/news/articleView.html?idxno=16212291,topstarnews.net,NAVER 뉴스 검색,N/A,세븐틴,REVIEW_REQUIRED,DATE_NOT_FOUND,세븐틴,1,,,naver_news,,85f0d34d738673718123acb4,2026-09-25T09:43:37.310054+09:00
266e628cd60204234d028166,6b1d0b67866b9cb1732bc668,NAVER_NEWS,HYBE,빌리프랩,ILLIT (아일릿),illit,ENCORE,NEW_EVENT,74,3,2026-09-24T12:14:00+09:00,"아일릿, 추석 맞아 팬들에게 인사…10월 앙코르 공연·컴백 예고",추석 맞아 팬들에게 인사,,,,NONE,,,N,,,"그룹 아일릿(ILLIT)이 추석을 맞아 팬들에게 인사를 전했다. 아일릿(윤아, 민주, 모카, 원희, 이로하)은 24일 정오 팀 공식 채널을 통해 2026년 추석 인사 영상을 공개했다. 멤버들은 영상에서 추석을 맞아...","앙코르 공연, 컴백",https://www.stardailynews.co.kr/news/articleView.html?idxno=550710,https://www.stardailynews.co.kr/news/articleView.html?idxno=550710,https://www.stardailynews.co.kr/news/articleView.html?idxno=550710,stardailynews.co.kr,NAVER 뉴스 검색,N/A,아일릿,REVIEW_REQUIRED,DATE_NOT_FOUND,아일릿,1,,,naver_news,,266e628cd60204234d028166,2026-09-25T09:43:37.310054+09:00
5483150e2864f56083667917,651a8e72d621e41db2dcb21c,NAVER_NEWS,JYP,JYP Japan,NiziU (니쥬),niziu,COMEBACK,NEW_EVENT,66,3,2026-09-25T09:04:00+09:00,"니쥬, 'Sour Grapes' 하라메 공개…컴백 카운트 돌입",'Sour Grapes' 하라메 공개,,,,NONE,,,N,,,NiziU(니쥬)가 국내 첫 미니 앨범 발매를 앞두고 전곡 하이라이트를 공개했다. NiziU는 오는 28일 한국 첫 미니 앨범 'Sour Grapes'를 발표한다. 이에 앞서 지난 24일 공식 SNS를 통해 타이틀곡을 포함한 수록곡...,컴백,https://www.slist.kr/news/articleView.html?idxno=768716,https://www.slist.kr/news/articleView.html?idxno=768716,https://www.slist.kr/news/articleView.html?idxno=768716,slist.kr,NAVER 뉴스 검색,N/A,NiziU,REVIEW_REQUIRED,DATE_NOT_FOUND,니쥬,1,,,naver_news,,5483150e2864f56083667917,2026-09-25T09:43:37.310054+09:00
06ea11b4e3f4ce082fa80bbb,5969083d31d69502d89e0b00,NAVER_NEWS,HYBE,플레디스,SEVENTEEN (세븐틴),seventeen,ADDITIONAL_SHOW,EXPLICIT_ADDITIONAL_SHOW,80,5,2026-09-25T10:17:00+09:00,"세븐틴 디노, 마카오 추가 공연 매진으로 증명한 솔로 파워","디노, 마카오 추가 공연 매진으로 증명한 솔로 파워",,,,NONE,,,N,마카오,,그룹 세븐틴 멤버 디노가 공연 전석 매진으로 다시 한번 솔로 파워를 입증하고 있다. 플레디스 엔터테인먼트는 25일 “2026 DINOxPICHEOLIN [吉BOARD SHOW] - MACAU(이하 吉BOARD SHOW)’ 추가 회차 티켓이 예매 오픈 당일 전...,추가 공연,http://www.osen.co.kr/article/G1112881760,http://www.osen.co.kr/article/G1112881760,https://m.entertain.naver.com/article/109/0005612573,osen.co.kr,NAVER 뉴스 검색,N/A,세븐틴,REVIEW_REQUIRED,DATE_NOT_FOUND,세븐틴,1,,,naver_news,,06ea11b4e3f4ce082fa80bbb,2026-09-26T09:48:28.373848+09:00
54a710471f646f25faa60506,f35fe887fe64d66c7c33a0e2,NAVER_NEWS,HYBE,플레디스,SEVENTEEN (세븐틴),seventeen,ADDITIONAL_SHOW,EXPLICIT_ADDITIONAL_SHOW,78,3,2026-09-25T10:33:00+09:00,"'세븐틴' 디노, 혼자서도 잘한다…마카오 추가 공연 매진","' ' 디노, 혼자서도 잘한다",,,,NONE,,,N,마카오,,'세븐틴' 디노가 막강한 티켓 파워를 입증했다. 디노는 지난 24일 '2026 디노x피철인 길보드 쇼'(2026 DINOxPICHEOLIN [吉BOARD SHOW]) 마카오 공연 추가 회차 티켓을 오픈했다. 오픈 당일 티켓은 전석 매진됐다. 당초 이 공연은...,추가 공연,http://www.dispatch.co.kr/2348401,http://www.dispatch.co.kr/2348401,https://m.entertain.naver.com/article/433/0000130918,dispatch.co.kr,NAVER 뉴스 검색,N/A,세븐틴,REVIEW_REQUIRED,DATE_NOT_FOUND,세븐틴,1,,,naver_news,,54a710471f646f25faa60506,2026-09-26T09:48:28.373848+09:00
fb24ed7378ed1ccebbba4fdb,6275a243d2c63a35452672ce,NAVER_NEWS,HYBE,플레디스,SEVENTEEN (세븐틴),seventeen,ADDITIONAL_SHOW,EXPLICIT_ADDITIONAL_SHOW,78,3,2026-09-25T10:32:00+09:00,"세븐틴 디노, 마카오 콘서트 추가 회차까지 매진 '티켓 파워'","디노, 마카오 콘서트 추가 회차까지 매진 '티켓 파워'",,,,NONE,,,N,마카오,,세븐틴 디노가 마카오 콘서트를 추가 회차까지 매진시켰다. 25일 플레디스 엔터테인먼트에 따르면 세븐틴 디노의 '2026 DINOxPICHEOLIN [吉BOARD SHOW] - MACAU'의 추가 회차 티켓이 예매 오픈 당일 전석 매진을 기록했다....,추가 회차,https://enter.etoday.co.kr/news/view/302904,https://enter.etoday.co.kr/news/view/302904,https://enter.etoday.co.kr/news/view/302904,enter.etoday.co.kr,NAVER 뉴스 검색,N/A,세븐틴,REVIEW_REQUIRED,DATE_NOT_FOUND,세븐틴,2,https://www.heraldmuse.com/article/10884493?ref=naver,,naver_news,,fb24ed7378ed1ccebbba4fdb,2026-09-26T09:48:28.373848+09:00
9ae7f70e87940ae0518fb55e,969a4b2b2fcaebf5a9fd4dd2,NAVER_NEWS,HYBE,빅히트 뮤직,TXT (투모로우바이투게더),txt,TOUR_ANNOUNCEMENT,NEW_EVENT,72,3,2026-09-28T07:56:00+09:00,"TXT, 월드투어 이어 컴백까지…11월 16일 미니 9집 발매",월드투어 이어 까지,2026-11-16,2026-11-16,2026-11-16,HIGH,11월 16일,TITLE,N,,,"그룹 투모로우바이투게더(TXT)가 오는 11월 16일 미니 9집 'PERFECT STORM'을 발매한다. 투모로우바이투게더는 28일 새 앨범명과 발매일을 공개했다. 전날 위버스 라이브 방송에서는 ""지금까지와는 다른...","월드투어, 컴백",https://www.tenasia.co.kr/article/2026092880904,https://www.tenasia.co.kr/article/2026092880904,https://m.entertain.naver.com/article/312/0000777722,tenasia.co.kr,NAVER 뉴스 검색,N/A,투모로우바이투게더,REVIEW_REQUIRED,MANUAL_APPROVAL_REQUIRED,TXT,2,https://www.etoday.co.kr/news/view/2629646,,naver_news,,9ae7f70e87940ae0518fb55e,2026-09-28T10:05:09.623241+09:00
b7d155fd2e0432e8b159adab,acd31fc3aacbec5d880d2b41,NAVER_NEWS,SM,SM Entertainment,MAX CHANGMIN (최강창민),tvxq_changmin,COMEBACK,NEW_EVENT,69,3,2026-09-28T09:28:00+09:00,"동방신기 최강창민, 10월 19일 신보 발매..4년 9개월만 솔로 컴백[공식]",..4년 9개월만 솔로 [공식],2026-10-19,2026-10-19,2026-10-19,HIGH,10월 19일,TITLE,N,,최강창민은 최근 일본 닛산 스타디움,동방신기 최강창민이 ‘솔로 아티스트’로 돌아온다. 최강창민 세 번째 미니앨범 ‘All Of My Life’(올 오브 마이 라이프)는 10월 19일 오후 6시 공개된다. 2022년 1월 발매한 두 번째 미니앨범 ‘Devil’(데블)...,"신보 발매, 컴백",https://www.heraldmuse.com/article/10885728?ref=naver,https://www.heraldmuse.com/article/10885728?ref=naver,https://m.entertain.naver.com/article/112/0003808352,heraldmuse.com,NAVER 뉴스 검색,N/A,동방신기,REVIEW_REQUIRED,MANUAL_APPROVAL_REQUIRED,동방신기 최강창민,3,https://www.bntnews.co.kr/article/view/bnt202609280114|https://www.slist.kr/news/articleView.html?idxno=769189,,naver_news,,b7d155fd2e0432e8b159adab,2026-09-28T10:05:09.623241+09:00
95dd89f028123c8c65974bee,2bde157c75a4c3ad998689be,NAVER_NEWS,HYBE,빅히트 뮤직,TXT (투모로우바이투게더),txt,COMEBACK,NEW_EVENT,66,3,2026-09-28T09:24:00+09:00,"투바투(TXT) 컴백, 11월 16일 미니 9집 ‘퍼펙트 스톰’ 발매..기대감 ‘...",퍼펙트 스톰,2026-11-16,2026-11-16,2026-11-16,HIGH,11월 16일,TITLE,N,,,"… 박동제 기자= 그룹 투모로우바이투게더(TXT / 수빈, 연준, 범규, 태현, 휴닝카이)가 오는 11월 16일 신보 ‘PERFECT STORM’(퍼펙트 스톰)으로 컴백한다. 28일...",컴백,http://www.breaknews.com/1239221,http://www.breaknews.com/1239221,http://www.breaknews.com/1239221,breaknews.com,NAVER 뉴스 검색,N/A,투모로우바이투게더,REVIEW_REQUIRED,MANUAL_APPROVAL_REQUIRED,TXT,2,https://news.tf.co.kr/read/entertain/2369944.htm,,naver_news,,95dd89f028123c8c65974bee,2026-09-28T10:05:09.623241+09:00
6335c0c2592e353b8141f56a,aec8d9272c020ef969bcd82c,NAVER_NEWS,JYP,JYP Japan,NiziU (니쥬),niziu,COMEBACK,NEW_EVENT,66,3,2026-09-28T09:22:00+09:00,"니쥬, 오늘(28일) 첫 미니 앨범 'Sour Grapes' 발매… 과감한 도전 담았다",Sour Grapes,2026-09-28,2026-09-28,2026-09-28,HIGH,오늘(28일),TITLE,N,,,"니쥬(NiziU)가 오늘(28일) 오후 6시 첫 미니 앨범 'Sour Grapes'를 발표하고 국내 컴백 활동에 나선다. ] 니쥬의... 기다려주신 팬분들께 더욱 다양한 NiziU의 매력을 보여드릴 수 있도록 새로운 시도도 많이 했고, 어떻게...",미니 앨범,https://www.stardailynews.co.kr/news/articleView.html?idxno=550736,https://www.stardailynews.co.kr/news/articleView.html?idxno=550736,https://www.stardailynews.co.kr/news/articleView.html?idxno=550736,stardailynews.co.kr,NAVER 뉴스 검색,N/A,NiziU,REVIEW_REQUIRED,MANUAL_APPROVAL_REQUIRED,니쥬,1,,,naver_news,,6335c0c2592e353b8141f56a,2026-09-28T10:05:09.623241+09:00
c2f9957f92debd788ce64fa9,557c4af38b8ad13d0c65e7c5,NAVER_NEWS,HYBE,빅히트 뮤직,TXT (투모로우바이투게더),txt,COMEBACK,NEW_EVENT,68,5,2026-09-28T07:44:00+09:00,"TXT,11월 '퍼펙트 스톰' 컴백 확정 ""지금까지와 다른 무언가""","11월 '퍼펙트 스톰' 확정 ""지금까지와 다른 무언가""",2026-11-16,2026-11-16,2026-11-16,MEDIUM,11월 16일,BODY,N,,,"그룹 투모로우바이투게더가 컴백한다. 투모로우바이투게더는 11월 16일 미니 9집 '퍼펙트 스톰'을 발매한다. 이들은 27일 라이브 스트리밍에서 연습실 공연 영상을 공개했는데, 영상 말미에 '지금까지와는 다른...",컴백,https://www.sportschosun.com/entertainment/2026-09-28/202609280100183290012090,https://www.sportschosun.com/entertainment/2026-09-28/202609280100183290012090,https://m.entertain.naver.com/article/076/0004450210,sportschosun.com,NAVER 뉴스 검색,N/A,투모로우바이투게더,REVIEW_REQUIRED,DATE_LOW_CONFIDENCE,TXT,1,,,naver_news,,c2f9957f92debd788ce64fa9,2026-09-28T10:05:09.623241+09:00
72a9d0534088a44b08fbfeba,42bc8554b1650c2b5756257b,NAVER_NEWS,JYP,JYP Japan,NiziU (니쥬),niziu,COMEBACK,NEW_EVENT,69,3,2026-09-28T09:08:00+09:00,"NiziU, 첫 韓미니앨범 발매…""올해 키워드 '도전'"" [일문일답]",첫 韓미니앨범 발매,,,,NONE,,,N,,,그룹 NiziU(니쥬)가 익숙한 이야기를 자신들만의 시선으로 재해석한 첫 미니앨범을 선보이며 1년 6개월 만에 국내 활동에 나선다. NiziU는 28일 오후 6시 국내 첫 미니앨범 'Sour Grapes'를 발매한다. 2025년 3월 발표한...,"미니앨범, 앨범 발매",https://www.slist.kr/news/articleView.html?idxno=769191,https://www.slist.kr/news/articleView.html?idxno=769191,https://www.slist.kr/news/articleView.html?idxno=769191,slist.kr,NAVER 뉴스 검색,N/A,NiziU,REVIEW_REQUIRED,DATE_NOT_FOUND,NiziU,1,,,naver_news,,72a9d0534088a44b08fbfeba,2026-09-28T10:05:09.623241+09:00
4ee7fe61d14fb4526c96970d,ae05eeafbd6c1f7362a5c5b7,NAVER_NEWS,HYBE,빅히트 뮤직,TXT (투모로우바이투게더),txt,COMEBACK,NEW_EVENT,66,3,2026-09-28T07:06:00+09:00,"TXT, 'PERFECT STORM'으로 11월 컴백 확정",'PERFECT STORM'으로 11월 확정,2026-11-16,2026-11-16,2026-11-16,MEDIUM,11월 16일,ENRICHED_BODY,N,서울,,"투모로우바이투게더(TOMORROW X TOGETHER)가 새 미니 앨범으로 11월 가요계에 돌아온다. 새 음반 제목은 'PERFECT STORM'으로, 그룹은 같은 달 서울 공연 이후 곧바로 신작을 내놓으며 활동 흐름을 잇겠다는 계획을 밝혔다....",컴백,https://www.topstarnews.net/news/articleView.html?idxno=16221656,https://www.topstarnews.net/news/articleView.html?idxno=16221656,https://www.topstarnews.net/news/articleView.html?idxno=16221656,topstarnews.net,NAVER 뉴스 검색,N/A,투모로우바이투게더,REVIEW_REQUIRED,DATE_ENRICHED_REVIEW,TXT,2,,,naver_news,,4ee7fe61d14fb4526c96970d,2026-09-28T10:05:09.623241+09:00
9f3fff544963d6cbaa6367bb,859fb4fe273245476a9c7b02,NAVER_NEWS,SM,SM Entertainment,MAX CHANGMIN (최강창민),tvxq_changmin,COMEBACK,NEW_EVENT,66,3,2026-09-28T15:17:00+09:00,"동방신기 최강창민, 4년 9개월만 컴백…10월 19일 미니 3집 발매",4년 9개월만,2026-10-19,2026-10-19,2026-10-19,HIGH,10월 19일,TITLE,N,,,동방신기 최강창민이 약 4년 9개월 만에 솔로 가수로 돌아온다. 최강창민은 오는 10월 19일 오후 6시... 한편 최강창민은 2003년 그룹 동방신기로 데뷔했다. 이후 2020년 첫 번째 미니앨범 '초콜릿'(Chocolate)을...,컴백,https://www.mydaily.co.kr/page/view/2026092815162911705,https://www.mydaily.co.kr/page/view/2026092815162911705,https://m.entertain.naver.com/article/117/0004109799,mydaily.co.kr,NAVER 뉴스 검색,N/A,동방신기,REVIEW_REQUIRED,MANUAL_APPROVAL_REQUIRED,동방신기 최강창민,1,,,naver_news,,9f3fff544963d6cbaa6367bb,2026-09-29T11:13:38.651986+09:00
147f2d320c304d1ddf17df22,5f6c533ec36d3e929c070c42,NAVER_NEWS,SM,SM Entertainment,MAX CHANGMIN (최강창민),tvxq_changmin,COMEBACK,NEW_EVENT,66,3,2026-09-28T11:38:00+09:00,"동방신기 최강창민, 10월 19일 솔로 컴백 확정",솔로 확정,2026-10-19,2026-10-19,2026-10-19,HIGH,10월 19일,TITLE,N,,,"앨범 발매 후 내년 1월부터 5월까지 투어 동방신기 최강창민이 솔로 컴백일을 10월 19일로 확정했다. 28일 소속사 SM엔터테인먼트에 따르면, 최강창민이 오는 10월 19일 세 번째 미니 앨범 'All Of My Life(올 오브 마이...",컴백,https://news.tf.co.kr/read/entertain/2370142.htm,https://news.tf.co.kr/read/entertain/2370142.htm,https://m.entertain.naver.com/article/629/0000537195,news.tf.co.kr,NAVER 뉴스 검색,N/A,동방신기,REVIEW_REQUIRED,MANUAL_APPROVAL_REQUIRED,동방신기 최강창민,1,,,naver_news,,147f2d320c304d1ddf17df22,2026-09-29T11:13:38.651986+09:00
4bc0276b1d8343b4ffd985a6,539dffc9b7a670ec554b0790,NAVER_NEWS,SM,솔로/특수,승한앤소울,xnghan_xoul,COMEBACK,NEW_EVENT,66,3,2026-09-29T09:42:00+09:00,"승한앤소울, 30일 日 첫 싱글 발매⋯현지 댄서 4人 만났다",日 첫 싱글 발매⋯현지 댄서 4人 만났다,2026-09-30,2026-09-30,2026-09-30,MEDIUM,30일,TITLE,N,,,이투데이=장유진 기자 | 승한앤소울(XngHan&Xoul)이 30일 일본 데뷔 싱글을 발매한다. 소속사 SM엔터테인먼트에 따르면 승한앤소울의 일본 첫 싱글 ‘하이 빔(HIGH BEAM)’은 이날 자정 각종 음악 사이트에서 발매되며...,싱글 발매,https://www.etoday.co.kr/news/view/2630229,https://www.etoday.co.kr/news/view/2630229,https://www.etoday.co.kr/news/view/2630229,etoday.co.kr,NAVER 뉴스 검색,N/A,승한앤소울,REVIEW_REQUIRED,DATE_LOW_CONFIDENCE,승한앤소울,1,,,naver_news,,4bc0276b1d8343b4ffd985a6,2026-09-29T11:13:38.651986+09:00
efd2f831de779f49e94b0ba1,1f35b549f88c7c4d2c11a7ac,NAVER_NEWS,HYBE,플레디스,SEVENTEEN (세븐틴),seventeen,CONCERT,NEW_EVENT,74,3,2026-09-28T14:43:00+09:00,세븐틴 정한X조슈아 단독 공연 개최..10월 인천서 포문,정한X조슈아 단독 공연 ..10월 인천서 포문,2026-10-30,2026-11-01,2026-10-30|2026-10-31|2026-11-01,MEDIUM,10월 30일~11월 1일,BODY,N,인천,,그룹 세븐틴 새 유닛 정한X조슈아가 오는 10월 인천을 시작으로 국내외 6개 도시에서 단독 공연을 개최한다. 28일 플레디스 엔터테인먼트에 따르면 정한X조슈아는 10월 30일~11월 1일 인천 인스파이어...,"공연 개최, 단독 공연",https://www.heraldmuse.com/article/10886368?ref=naver,https://www.heraldmuse.com/article/10886368?ref=naver,https://m.entertain.naver.com/article/112/0003808409,heraldmuse.com,NAVER 뉴스 검색,N/A,세븐틴,REVIEW_REQUIRED,DATE_LOW_CONFIDENCE,세븐틴,1,,,naver_news,,efd2f831de779f49e94b0ba1,2026-09-29T11:13:38.651986+09:00
d48a2ab116835ed25450b1f2,00a64442965163b57b95ef8e,NAVER_NEWS,JYP,2세대 그룹,2PM,two_pm,CONCERT,NEW_EVENT,71,3,2026-09-29T09:33:00+09:00,"2PM 장우영, 11월 솔로 콘서트 개최…재즈 힙합+피아노 연주 기대","장우영, 11월 솔로 콘서트",2026-09-29,2026-09-29,2026-09-29,MEDIUM,9월 29일,BODY,N,,,그룹 2PM(투피엠) 멤버이자 솔로 아티스트 장우영이 마침내 단독 콘서트를 연다. 9월 29일 소속사 JYP엔터테인먼트에 따르면 장우영은 국내외 4개 도시를 순회하는 솔로 단독 콘서트를 진행한다. 국내에서 단독 공연을...,콘서트 개최,https://www.newsen.com/news_view.php?uid=202609290922480410,https://www.newsen.com/news_view.php?uid=202609290922480410,https://m.entertain.naver.com/article/609/0001173324,newsen.com,NAVER 뉴스 검색,N/A,투피엠,REVIEW_REQUIRED,DATE_LOW_CONFIDENCE,2PM,1,,,naver_news,,d48a2ab116835ed25450b1f2,2026-09-29T11:13:38.651986+09:00
116e1591f25db829f1265bac,4f6a12d90a4cca90a35ac6f3,NAVER_NEWS,SM,4세대 그룹,NCT WISH,nct_wish,COMEBACK,NEW_EVENT,66,3,2026-09-29T10:18:00+09:00,"엔시티 위시, 컴백 맞춤형 웹페이지 오픈",맞춤형 웹페이지,2026-10-12,2026-10-12,2026-10-12,MEDIUM,10월 12일,BODY,N,,,그룹 엔시티 위시(NCT WISH)가 신곡 'I SPY(아이 스파이)'를 통해 사랑의 감정을 전한다. 엔시티 위시의 미니 4집 'I SPY'는 오는 10월 12일 발매된다. 음반 역시 같은 날 발매되며 현재 온·오프라인 매장에서 예약 판매를...,컴백,https://enter.etoday.co.kr/news/view/303038,https://enter.etoday.co.kr/news/view/303038,https://enter.etoday.co.kr/news/view/303038,enter.etoday.co.kr,NAVER 뉴스 검색,N/A,엔시티 위시,REVIEW_REQUIRED,DATE_LOW_CONFIDENCE,엔시티 위시,1,,,naver_news,,116e1591f25db829f1265bac,2026-09-29T11:13:38.651986+09:00
43ecbeac4bbf4031fceaacf0,62d60200d3256c99fc01cdda,NAVER_NEWS,HYBE,플레디스,SEVENTEEN (세븐틴),seventeen,CONCERT,NEW_EVENT,79,8,2026-09-28T17:21:00+09:00,"세븐틴 정한X조슈아, 신보 발매→6개 도시 단독 공연 개최","정한X조슈아, →6개 도시 단독 공연",,,,NONE,,,N,인천,,"그룹 세븐틴 새 유닛 정한X조슈아가 오는 10월 인천을 시작으로 국내외 6개 도시에서 단독 공연을... 한편 정한과 조슈아가 속한 세븐틴은 2015년 데뷔 후 ‘예쁘다’, ‘아주 나이스’, ‘손오공’...","공연 개최, 단독 공연, 신보 발매",https://www.mk.co.kr/article/12162879,https://www.mk.co.kr/article/12162879,https://m.entertain.naver.com/article/009/0005740927,mk.co.kr,NAVER 뉴스 검색,N/A,세븐틴,REVIEW_REQUIRED,DATE_NOT_FOUND,세븐틴,2,https://www.bntnews.co.kr/article/view/bnt202609280228,,naver_news,,43ecbeac4bbf4031fceaacf0,2026-09-29T11:13:38.651986+09:00
6061fcca67368de1d134fdc6,7f9c4cc9504a1033fc3d7807,NAVER_NEWS,HYBE,플레디스,TWS (투어스),tws,COMEBACK,NEW_EVENT,74,8,2026-09-28T14:45:00+09:00,"투어스, 11월 컴백 확정…7개월만 신보 발매[공식입장]",11월 확정,,,,NONE,,,N,,,그룹 투어스(TWS)가 11월 컴백을 확정했다. 소속사 플레디스엔터테인먼트 관계자는 28일 오후 MK스포츠에 “투어스가 11월 컴백을 목표로 준비 중이다. 자세한 일정은 추후 안내드리겠다”라고 밝혔다. 이번...,"신보 발매, 컴백",https://www.mk.co.kr/article/12162653,https://www.mk.co.kr/article/12162653,https://m.entertain.naver.com/article/410/0001141504,mk.co.kr,NAVER 뉴스 검색,N/A,투어스,REVIEW_REQUIRED,DATE_NOT_FOUND,투어스,1,,,naver_news,,6061fcca67368de1d134fdc6,2026-09-29T11:13:38.651986+09:00
af2fbd77344e387aec781303,147f3f70709ac8e7ae8cd168,NAVER_NEWS,HYBE,플레디스,SEVENTEEN (세븐틴),seventeen,CONCERT,NEW_EVENT,74,3,2026-09-28T15:32:00+09:00,"[공연 소식] 세븐틴 정한X조슈아, 국내외 6개 도시서 단독 공연 개최","[공연 소식] 정한X조슈아, 국내외 6개 도시서 단독 공연",,,,NONE,,,N,,,세븐틴 새 유닛 정한X조슈아가 국내외 6개 도시에서 단독 공연을 열고 팬들과 만난다. 소속사... 세븐틴의 보컬팀 멤버인 정한X조슈아는 감미로운 음색과 섬세한 감정 표현뿐 아니라 수려한 외모를 자랑해...,"공연 개최, 단독 공연",http://www.beyondpost.co.kr/view.php?ud=202609281510461153d3244b4fed_30,http://www.beyondpost.co.kr/view.php?ud=202609281510461153d3244b4fed_30,http://www.beyondpost.co.kr/view.php?ud=202609281510461153d3244b4fed_30,beyondpost.co.kr,NAVER 뉴스 검색,N/A,세븐틴,REVIEW_REQUIRED,DATE_NOT_FOUND,세븐틴,1,,,naver_news,,af2fbd77344e387aec781303,2026-09-29T11:13:38.651986+09:00
f21ca52edf4f156a1ece1280,2275cf77d3a77141c0efd087,NAVER_NEWS,HYBE,플레디스,SEVENTEEN (세븐틴),seventeen,CONCERT,NEW_EVENT,71,3,2026-09-28T14:08:00+09:00,"세븐틴 정한X조슈아, 인천부터 홍콩까지 6개 도시 단독 공연 연다","정한X조슈아, 인천부터 홍콩까지 6개 도시 단독 공연 연다",,,,NONE,,,N,인천|홍콩,아시아 5개 지역의 대형 공연장,그룹 세븐틴의 새 유닛 정한X조슈아가 미니 1집 활동과 맞물린 단독 공연 투어로 국내외 팬들을 찾는다. 두 사람은 인천을 시작으로 아시아 5개 지역의 대형 공연장을 잇달아 방문하며 유닛 활동의 스케일을...,단독 공연,https://www.topstarnews.net/news/articleView.html?idxno=16222537,https://www.topstarnews.net/news/articleView.html?idxno=16222537,https://www.topstarnews.net/news/articleView.html?idxno=16222537,topstarnews.net,NAVER 뉴스 검색,N/A,세븐틴,REVIEW_REQUIRED,DATE_NOT_FOUND,세븐틴,1,,,naver_news,,f21ca52edf4f156a1ece1280,2026-09-29T11:13:38.651986+09:00
25698d8af565a4476607af58,9ec660b763549ac0a27d8f3b,NAVER_NEWS,HYBE,KOZ,BOYNEXTDOOR (보이넥스트도어),boynextdoor,COMEBACK,NEW_EVENT,66,3,2026-09-29T10:48:00+09:00,"보이넥스트도어, 앨범 발매 당일 56만 장 팔았다⋯한터 일간 7연속 정상",앨범 발매 당일 56만 장 팔았다⋯한터 일간 7연속 정상,,,,NONE,,,N,,,이투데이=장유진 기자 | 그룹 보이넥스트도어(BOYNEXTDOOR)가 컴백 당일 차트 1위로 직행했다. 29일 한터차트에 따르면 보이넥스트도어의 정규 1집 리패키지 ‘홈: 디럭스(HOME: DELUXE)’는 발매 당일 56만189장 팔려...,앨범 발매,https://www.etoday.co.kr/news/view/2630299,https://www.etoday.co.kr/news/view/2630299,https://www.etoday.co.kr/news/view/2630299,etoday.co.kr,NAVER 뉴스 검색,N/A,보이넥스트도어,REVIEW_REQUIRED,DATE_NOT_FOUND,보이넥스트도어,1,,,naver_news,,25698d8af565a4476607af58,2026-09-29T11:13:38.651986+09:00
0063c48ae7addf84d77334cd,6d31d8dea76db3f025862645,NAVER_NEWS,JYP,JYP Japan,NiziU (니쥬),niziu,COMEBACK,NEW_EVENT,66,3,2026-09-29T10:18:00+09:00,"니쥬, 국내 컴백곡 ‘Sour Grapes’ 활동 시작",국내 곡 ‘Sour Grapes’ 활동 시작,,,,NONE,,,N,,,"니쥬, 국내 컴백곡 ‘Sour Grapes’ 활동 시작 (제공: JYP엔터테인먼트) 걸그룹 니쥬(NiziU)가 국내 컴백 신보 ‘Sour Grapes’(사워 그레이프스) 활동 시작을 알렸다. 지난 28일 오후 6시 한국 첫 미니 앨범 ‘Sour Grapes’와...",컴백,https://www.bntnews.co.kr/article/view/bnt202609290152,https://www.bntnews.co.kr/article/view/bnt202609290152,https://www.bntnews.co.kr/article/view/bnt202609290152,bntnews.co.kr,NAVER 뉴스 검색,N/A,NiziU,REVIEW_REQUIRED,DATE_NOT_FOUND,니쥬,1,,,naver_news,,0063c48ae7addf84d77334cd,2026-09-29T11:13:38.651986+09:00
8651fee4c2d035194de56d51,5d795913ad9218343ac358d6,NAVER_NEWS,JYP,JYP Japan,NiziU (니쥬),niziu,COMEBACK,NEW_EVENT,66,3,2026-09-29T06:56:00+09:00,니쥬(NiziU)···한국 첫 미니 앨범 ‘Sour Grapes’ 발매[일문일답],Sour Grapes,,,,NONE,,,N,,,걸그룹 니쥬(NiziU)는 2023년 10월 싱글 1집 ‘Press Play’(프레스 플레이)를 발매하고 국내 정식 데뷔했다.... 미니 1집에는 익숙한 소재와 감정을 NiziU만의 시선으로 풀어낸 총 다섯 가지 음악 동화 ‘Sour Grapes’...,미니 앨범,https://sports.khan.co.kr/article/202609290655013?pt=nv,https://sports.khan.co.kr/article/202609290655013?pt=nv,https://m.entertain.naver.com/article/144/0001140954,sports.khan.co.kr,NAVER 뉴스 검색,N/A,NiziU,REVIEW_REQUIRED,DATE_NOT_FOUND,NiziU,1,,,naver_news,,8651fee4c2d035194de56d51,2026-09-29T11:13:38.651986+09:00
79bc4a428e1bb9fbfda8bc2b,7c60aaaa4a06ed0d198996d2,NAVER_NEWS,HYBE,플레디스,TWS (투어스),tws,COMEBACK,NEW_EVENT,66,3,2026-09-28T14:19:00+09:00,"투어스가 돌아온다 ""11월 컴백 목표로 준비 중""","가 돌아온다 ""11월 목표로 준비 중""",,,,NONE,,,N,,,투어스(TWS)가 11월에 컴백한다. 28일 소속사 플레디스엔터테인먼트는 JTBC 엔터뉴스에 '투어스가 11월 컴백을 목표로 준비 중이다'라며 '자세한 일정은 추후 공지 예정'이라고 밝혔다. 지난 4월 발매한 미니 5집...,컴백,https://news.jtbc.co.kr/article/NB12320287?influxDiv=NAVER,https://news.jtbc.co.kr/article/NB12320287?influxDiv=NAVER,https://m.entertain.naver.com/article/437/0000513022,news.jtbc.co.kr,NAVER 뉴스 검색,N/A,투어스,REVIEW_REQUIRED,DATE_NOT_FOUND,투어스,1,,,naver_news,,79bc4a428e1bb9fbfda8bc2b,2026-09-29T11:13:38.651986+09:00
64024d37d02d1d4ff42e575c,9fe59a8320a3a0177ef14b07,NAVER_NEWS,HYBE,빅히트 뮤직,BTS (방탄소년단),bts,POPUP,NEW_EVENT,68,3,2026-09-29T18:02:00+09:00,"하이브, 용산 사옥에 '2026 BTS 달마중' 팝업스토어 오픈",2026 BTS 달마중,2026-09-29,2026-10-11,2026-09-29|2026-09-30|2026-10-01|2026-10-02|2026-10-03|2026-10-04|2026-10-05|2026-10-06|2026-10-07|2026-10-08|2026-10-09|2026-10-10|2026-10-11,HIGH,9월 29일부터 10월 11일까지,BODY,N,서울,,하이브가 방탄소년단(BTS) 공식 상품 '달마중'을 선보이는 오프라인 팝업스토어를 연다. 하이브는 9월 29일부터 10월 11일까지 서울 용산구 하이브 사옥 1층에서 '2026 BTS 달마중 [DALMAJUNG] POP-UP'을 운영한다고...,팝업스토어,http://www.kdfnews.com/news/articleView.html?idxno=188619,http://www.kdfnews.com/news/articleView.html?idxno=188619,http://www.kdfnews.com/news/articleView.html?idxno=188619,kdfnews.com,NAVER 뉴스 검색,N/A,방탄소년단,REVIEW_REQUIRED,MANUAL_APPROVAL_REQUIRED,BTS,3,http://www.newsdream.kr/news/articleView.html?idxno=119045|https://www.globale.co.kr/news/articleView.html?idxno=40693,,naver_news,,64024d37d02d1d4ff42e575c,2026-09-30T10:28:10.772741+09:00
2380f972ae44f331a3abd483,aec8d9272c020ef969bcd82c,NAVER_NEWS,JYP,JYP Japan,NiziU (니쥬),niziu,COMEBACK,NEW_EVENT,66,3,2026-09-29T12:20:00+09:00,"니쥬(NiziU), 국내 첫 미니 앨범 'Sour Grapes' 발매… 1년 6개월 만의 컴...",Sour Grapes,2026-09-28,2026-09-28,2026-09-28,MEDIUM,9월 28일,BODY,N,,,"JYP엔터테인먼트 소속 걸그룹 NiziU가 9월 28일 오후 6시 한국 첫 미니 앨범 'Sour Grapes'와 동명의... 타이틀곡 'Sour Grapes'는 '여우와 신포도' 우화를 뒤집어, 남들이 주저하는 선택에 과감히 뛰어드는 NiziU의 당찬...",미니 앨범,https://www.cbci.co.kr/news/articleView.html?idxno=610717,https://www.cbci.co.kr/news/articleView.html?idxno=610717,https://www.cbci.co.kr/news/articleView.html?idxno=610717,cbci.co.kr,NAVER 뉴스 검색,N/A,NiziU,REVIEW_REQUIRED,DATE_LOW_CONFIDENCE,NiziU,2,https://sports.khan.co.kr/article/202609292353003?pt=nv,,naver_news,,2380f972ae44f331a3abd483,2026-09-30T10:28:10.772741+09:00
0cf52a913192931fee1a037b,7c4109ae240b6d903652bf4e,NAVER_NEWS,JYP,JYP Japan,NiziU (니쥬),niziu,COMEBACK,NEW_EVENT,66,3,2026-09-29T11:34:00+09:00,"니쥬 ""1년 6개월만 韓 컴백 기뻐""…신선도 928% 맛집 오픈","""1년 6개월만 韓 기뻐""",,,,NONE,,,N,,,그룹 NiziU(니쥬)가 국내 컴백 신보 'Sour Grapes' 활동 시작을 알렸다. NiziU는 28일 오후 6시 한국 첫 미니 앨범 'Sour Grapes'와 동명 타이틀곡을 발매했다. 발매를 한 시간 앞두고 공식 채널을 통해 컴백 라이브를...,컴백,http://www.joynews24.com/view/2009868,http://www.joynews24.com/view/2009868,http://www.joynews24.com/view/2009868,joynews24.com,NAVER 뉴스 검색,N/A,NiziU,REVIEW_REQUIRED,DATE_NOT_FOUND,니쥬,1,,,naver_news,,0cf52a913192931fee1a037b,2026-09-30T10:28:10.772741+09:00
25698d8af565a4476607af58,9ec660b763549ac0a27d8f3b,NAVER_NEWS,HYBE,KOZ,BOYNEXTDOOR (보이넥스트도어),boynextdoor,COMEBACK,NEW_EVENT,66,3,2026-09-29T10:48:00+09:00,"보이넥스트도어, 앨범 발매 당일 56만 장 팔았다⋯한터 일간 7연속 정상",앨범 발매 당일 56만 장 팔았다⋯한터 일간 7연속 정상,,,,NONE,,,N,,,이투데이=장유진 기자 | 그룹 보이넥스트도어(BOYNEXTDOOR)가 컴백 당일 차트 1위로 직행했다. 29일 한터차트에 따르면 보이넥스트도어의 정규 1집 리패키지 ‘홈: 디럭스(HOME: DELUXE)’는 발매 당일 56만189장 팔려...,앨범 발매,https://www.etoday.co.kr/news/view/2630299,https://www.etoday.co.kr/news/view/2630299,https://www.etoday.co.kr/news/view/2630299,etoday.co.kr,NAVER 뉴스 검색,N/A,보이넥스트도어,REVIEW_REQUIRED,DATE_NOT_FOUND,보이넥스트도어,1,,,naver_news,,25698d8af565a4476607af58,2026-09-30T10:28:10.772741+09:00
7f582bf2a0a743a6120a9e88,33ecef0bc947b748616a20a4,NAVER_NEWS,HYBE,플레디스,황민현,hwang_minhyun,COMEBACK,NEW_EVENT,66,3,2026-10-01T09:25:00+09:00,황민현 컴백…10월 7일 디지털 싱글 ‘OUR’ 발표,OUR,2026-10-07,2026-10-07,2026-10-07,HIGH,10월 7일,TITLE,N,,,"가수 겸 배우 황민현이 8개월 만에 새 음악으로 돌아온다. 황민현은 오는 7일 오후 6시 새 디지털 싱글 [OUR]를 발표한다. 지난 2월 공개한 ‘Truth’ 이후 약 8개월 만의 신보로, 타이틀곡을 포함해 총 3개 트랙이...",컴백,https://sports.donga.com/ent/article/all/20261001/134765679/1,https://sports.donga.com/ent/article/all/20261001/134765679/1,https://m.entertain.naver.com/article/382/0001296671,sports.donga.com,NAVER 뉴스 검색,N/A,황민현,REVIEW_REQUIRED,MANUAL_APPROVAL_REQUIRED,황민현,1,,,naver_news,,7f582bf2a0a743a6120a9e88,2026-10-01T10:27:06.054707+09:00
b21eb8612047ad71d9314866,8ef84f0745c252859200f6bb,NAVER_NEWS,HYBE,플레디스,황민현,hwang_minhyun,COMEBACK,NEW_EVENT,68,5,2026-10-01T09:16:00+09:00,"[공식] 황민현, 8개월 만에 가수 컴백..7일 새 싱글 발표","[공식] , 8개월 만에 가수 .. 새 싱글",2026-10-07,2026-10-07,2026-10-07,MEDIUM,7일,TITLE,N,,,가수 겸 배우 황민현이 새 싱글로 컴백한다. 1일 소속사 플레디스엔터테인먼트에 따르면 황민현은 오는 7일 오후 6시 새 디지털 싱글 [OUR]를 발표한다. 지난 2월 선보인 'Truth' 이후 약 8개월 만의 신보다. [OUR]는...,컴백,https://www.starnewskorea.com/music/2026/10/01/2026100109090166119,https://www.starnewskorea.com/music/2026/10/01/2026100109090166119,https://m.entertain.naver.com/article/108/0003475050,starnewskorea.com,NAVER 뉴스 검색,N/A,황민현,REVIEW_REQUIRED,DATE_LOW_CONFIDENCE,황민현,2,https://www.news1.kr/entertain/music/6307005,,naver_news,,b21eb8612047ad71d9314866,2026-10-01T10:27:06.054707+09:00
059f66716d115ddc56d085b0,8c9452a824bcc4e8b32c91b7,NAVER_NEWS,HYBE,플레디스,황민현,hwang_minhyun,COMEBACK,NEW_EVENT,66,3,2026-10-01T10:05:00+09:00,"황민현, 배우로 달리더니 가수 컴백…7일 신곡 'OUR' 발표",배우로 달리더니 가수,2026-10-07,2026-10-07,2026-10-07,MEDIUM,7일,TITLE,N,,,배우로서 활약 중인 가수 황민현이 약 8개월 만에 신곡을 발표한다. 1일 소속사 플레디스엔터테인먼트에 따르면 황민현은 오는 7일 오후 6시 새 디지털 싱글 [OUR]를 발표한다. 지난 2월 선보인 ‘Truth’ 이후 약 8개월...,컴백,https://www.mydaily.co.kr/page/view/2026100109375337643,https://www.mydaily.co.kr/page/view/2026100109375337643,https://m.entertain.naver.com/article/117/0004110931,mydaily.co.kr,NAVER 뉴스 검색,N/A,황민현,REVIEW_REQUIRED,DATE_LOW_CONFIDENCE,황민현,1,,,naver_news,,059f66716d115ddc56d085b0,2026-10-01T10:27:06.054707+09:00
35b4dc4856c37d409ff8d3a2,90545c613b73241d65495302,NAVER_NEWS,JYP,5세대 그룹,KickFlip (킥플립),kickflip,COMEBACK,NEW_EVENT,71,8,2026-09-30T16:41:00+09:00,"‘JYP 보이그룹’ 킥플립, 엠넷서 글로벌 컴백 스테이지 개최","‘JYP 보이그룹’ , 엠넷서 글로벌 스테이지",2026-10-07,2026-10-07,2026-10-07,MEDIUM,10월 7일,BODY,N,,,"그룹 킥플립이 글로벌 팬들과 함께 컴백 무대를 꾸민다. 킥플립은 10월 7일 오후 9시 Mnet과 M2 유튜브 채널, 글로벌 K팝 콘텐츠 플랫폼 Mnet Plus에서 동시 방송되는 ‘KickFlip COMEBACK STAGE : KICK OFF THE WALL Pt. 1’을...",컴백,https://www.mk.co.kr/article/12165018,https://www.mk.co.kr/article/12165018,https://m.entertain.naver.com/article/009/0005742120,mk.co.kr,NAVER 뉴스 검색,N/A,킥플립,REVIEW_REQUIRED,DATE_LOW_CONFIDENCE,킥플립,4,https://www.heraldmuse.com/article/10889336?ref=naver|http://www.joynews24.com/view/2010480|https://www.bntnews.co.kr/article/view/bnt202609300238,,naver_news,,35b4dc4856c37d409ff8d3a2,2026-10-01T10:27:06.054707+09:00
4ccc54fc9dc1401e1578bd86,0b617711c38b95e98eef3d5c,NAVER_NEWS,JYP,5세대 그룹,KickFlip (킥플립),kickflip,COMEBACK,NEW_EVENT,68,5,2026-09-30T15:55:00+09:00,"킥플립, Mnet M2 글로벌 컴백 스테이지 개최…'더블 타이틀곡' 최초 공개",Mnet M2 글로벌 스테이지,2026-10-07,2026-10-07,2026-10-07,MEDIUM,10월 7일,BODY,N,,,"JYP엔터테인먼트 보이그룹 킥플립(KickFlip)이 글로벌 컴백 스테이지를 통해 전 세계 팬들과 만나며 화려한 귀환을 알린다. 킥플립(계훈, 동화, 주왕, 민제, 케이주, 동현)은 오는 10월 7일(수) 오후 9시 Mnet과 M2...",컴백,http://www.osen.co.kr/article/G1112885024,http://www.osen.co.kr/article/G1112885024,https://m.entertain.naver.com/article/109/0005615789,osen.co.kr,NAVER 뉴스 검색,N/A,킥플립,REVIEW_REQUIRED,DATE_LOW_CONFIDENCE,킥플립,1,,,naver_news,,4ccc54fc9dc1401e1578bd86,2026-10-01T10:27:06.054707+09:00
d9019854c0766d7da12f2a08,249aa848be64d80513cb297c,NAVER_NEWS,HYBE,플레디스,황민현,hwang_minhyun,FANMEETING,NEW_EVENT,70,3,2026-10-01T09:26:00+09:00,"황민현, 디지털 싱글 ‘OUR’로 컴백…‘도원경’ 팬미팅 개최",도원경,,,,NONE,,,N,,,가수 겸 배우 황민현이 자신을 설명하는 단어들로 새 앨범을 채운다. 그가 지나온 시간과 곁을 함께한 이들의 흔적을 컴백 앨범에 녹였다. 황민현은 7일 오후 6시 새 디지털 싱글 ‘OUR’를 발표한다. 지난 2월 공개한...,"컴백, 팬미팅",https://sports.donga.com/ent/article/all/20261001/134765593/1,https://sports.donga.com/ent/article/all/20261001/134765593/1,https://m.entertain.naver.com/article/382/0001296672,sports.donga.com,NAVER 뉴스 검색,N/A,황민현,REVIEW_REQUIRED,DATE_NOT_FOUND,황민현,1,,,naver_news,,d9019854c0766d7da12f2a08,2026-10-01T10:27:06.054707+09:00
ba9d8c1e6491f0c42daec148,3990e3ba6fa894c70c712772,NAVER_NEWS,SM,SM Entertainment,CHANYEOL (찬열),exo_chanyeol,COMEBACK,NEW_EVENT,66,3,2026-10-01T09:26:00+09:00,"엑소 찬열, ‘열일’ 돌입⋯日 솔로 신보 발매→라이브 투어",‘열일’ 돌입⋯日 솔로 →라이브 투어,,,,NONE,,,N,,,이투데이=장유진 기자 | 그룹 엑소(EXO) 멤버 찬열이 2일 일본에서 새로운 솔로 앨범을 선보인다. 찬열의 일본 두 번째 미니앨범 ‘타비(旅)’는 다양한 장르에 찬열 특유의 따뜻한 보컬을 더해 섬세한 감정...,신보 발매,https://www.etoday.co.kr/news/view/2631294,https://www.etoday.co.kr/news/view/2631294,https://www.etoday.co.kr/news/view/2631294,etoday.co.kr,NAVER 뉴스 검색,N/A,EXO,REVIEW_REQUIRED,DATE_NOT_FOUND,엑소 찬열,1,,,naver_news,,ba9d8c1e6491f0c42daec148,2026-10-01T10:27:06.054707+09:00
6c6bead5f623fd0bf80ef6a1,4790ef84adc96f04d1c56cfe,NAVER_NEWS,SM,SM Entertainment,CHANYEOL (찬열),exo_chanyeol,COMEBACK,NEW_EVENT,66,3,2026-10-01T09:20:00+09:00,"엑소 찬열, 日 미니앨범 ‘타비’ 발매",타비,,,,NONE,,,N,,,"엑소 찬열, 日 미니앨범 ‘타비’ 발매 (제공: 에스엠엔터테인먼트) 그룹 엑소(EXO) 찬열이 일본에서 두 번째 솔로 앨범을 선보이고 현지 공략에 나선다. 찬열의 일본 두 번째 미니앨범 ‘타비(旅)’가 오는 10월...",미니앨범,https://www.bntnews.co.kr/article/view/bnt202610010136,https://www.bntnews.co.kr/article/view/bnt202610010136,https://www.bntnews.co.kr/article/view/bnt202610010136,bntnews.co.kr,NAVER 뉴스 검색,N/A,EXO,REVIEW_REQUIRED,DATE_NOT_FOUND,엑소 찬열,1,,,naver_news,,6c6bead5f623fd0bf80ef6a1,2026-10-01T10:27:06.054707+09:00
3fa09b2ab77bdd41eb76bcbe,33ecef0bc947b748616a20a4,NAVER_NEWS,HYBE,플레디스,황민현,hwang_minhyun,COMEBACK,NEW_EVENT,71,8,2026-10-01T11:35:00+09:00,"황민현, 8개월만 가수 컴백…10월 7일 디지털 싱글 ‘OUR’ 발표[공식]",OUR,2026-10-07,2026-10-07,2026-10-07,HIGH,10월 7일,TITLE,N,,,"배우 황민현이 가수로 컴백한다. 오는 7일 오후 6시 발매하는 새 디지털 싱글 ‘OUR’는 황민현이 자신을 만든 시간을 되짚고 곁을 함께한 이들의 흔적을 떠올리며, 그 안에서 발견한 ‘우리’의 이야기를 풀어낸...",컴백,https://www.mk.co.kr/article/12165880,https://www.mk.co.kr/article/12165880,https://m.entertain.naver.com/article/410/0001141961,mk.co.kr,NAVER 뉴스 검색,N/A,황민현,REVIEW_REQUIRED,MANUAL_APPROVAL_REQUIRED,황민현,2,https://www.heraldmuse.com/article/10890689?ref=naver,,naver_news,,3fa09b2ab77bdd41eb76bcbe,2026-10-02T10:47:00.533101+09:00
81d127a7c3df3810503ed340,bf750d85eebdcfc2cd651a0b,NAVER_NEWS,JYP,Studio J,Xdinary Heroes,xdinary_heroes,COMEBACK,NEW_EVENT,66,3,2026-10-02T08:02:00+09:00,"엑스디너리 히어로즈, 나른한 록스타로 컴백 ""10월 12일 '임펄스' 발매""","나른한 록스타로 "" '임펄스' 발매""",2026-10-12,2026-10-12,2026-10-12,HIGH,10월 12일,TITLE,N,,,"보이밴드 엑스디너리 히어로즈(Xdinary Heroes, XH)가 나른한 록스타 면모를 뽐냈다. 엑스디너리 히어로즈는 10월 12일 새 미니 앨범 '임펄스(IMPULSE)'와 타이틀곡 '업세스트 위드 유스(Obsessed with Youth)'를...",컴백,http://enews.imbc.com/News/RetrieveNewsInfo/519830,http://enews.imbc.com/News/RetrieveNewsInfo/519830,https://m.entertain.naver.com/article/408/0000323014,enews.imbc.com,NAVER 뉴스 검색,N/A,엑스디너리 히어로즈,REVIEW_REQUIRED,MANUAL_APPROVAL_REQUIRED,엑스디너리 히어로즈,1,,,naver_news,,81d127a7c3df3810503ed340,2026-10-02T10:47:00.533101+09:00
175c47a169b1874d706629b2,3d92efcf6226bcbed2889cb8,NAVER_NEWS,SM,SM Entertainment,YESUNG (예성),super_junior_yesung,COMEBACK,NEW_EVENT,66,3,2026-10-02T10:32:00+09:00,"슈퍼주니어 예성, 10주년 앨범 발매 D-4..기대 포인트3",10주년 앨범 발매 D-4..기대 포인트3,2026-10-06,2026-10-06,2026-10-06,MEDIUM,10월 6일,BODY,N,,,"슈퍼주니어 예성이 솔로 데뷔 10주년 기념을 기념해 10월 6일 새로운 정규 앨범 ‘Where We Are’(웨어 위 아)를 발매한다. 이번 앨범은 타이틀 곡 ‘Pedazos’(페다소스)를 비롯해 모던 록, 시티 팝, 발라드, 디스코 등...",앨범 발매,https://www.heraldmuse.com/article/10891485?ref=naver,https://www.heraldmuse.com/article/10891485?ref=naver,https://m.entertain.naver.com/article/112/0003808904,heraldmuse.com,NAVER 뉴스 검색,N/A,슈퍼주니어,REVIEW_REQUIRED,DATE_LOW_CONFIDENCE,슈퍼주니어 예성,1,,,naver_news,,175c47a169b1874d706629b2,2026-10-02T10:47:00.533101+09:00
1aa8602b0db194bc4245a241,e1507671aecf01a80535c34d,NAVER_NEWS,JYP,JYP Japan,NEXZ (넥스지),nexz,TOUR_ANNOUNCEMENT,NEW_EVENT,72,3,2026-10-01T14:46:00+09:00,"넥스지, 라틴 아메리카 페스티벌 완주→아시아 투어 돌입",라틴 아메리카 페스티벌 완주→아시아 투어 돌입,,,,NONE,,,N,,,"3개 도시에서 27만 관객을 모은 신규 축제 'STRAYCITY'에서는 소속사 선배 그룹 스트레이 키즈와 함께 무대를 꾸몄다. 토모야는 ""수많은 관중 앞에서 긴장도 됐으나 박수와 함성 덕분에 무대를 마쳤다""라며 ""'SAUCIN...",아시아 투어,https://enter.etoday.co.kr/news/view/303160,https://enter.etoday.co.kr/news/view/303160,https://enter.etoday.co.kr/news/view/303160,enter.etoday.co.kr,NAVER 뉴스 검색,N/A,스트레이 키즈,REVIEW_REQUIRED,DATE_NOT_FOUND,넥스지,1,,,naver_news,,1aa8602b0db194bc4245a241,2026-10-02T10:47:00.533101+09:00
a63690ca7c0a362572b5e64a,249aa848be64d80513cb297c,NAVER_NEWS,HYBE,플레디스,황민현,hwang_minhyun,FANMEETING,NEW_EVENT,70,3,2026-10-01T13:22:00+09:00,"황민현, 'Our' 컴백→팬미팅 '도원경' 투어 돌입",도원경,,,,NONE,,,N,,,가수 겸 배우 황민현이 오는 7일 새 디지털 싱글 'OUR(아워)'를 발표하고 8개월 만에 가요계로 돌아온다. 황민현은 1일 타이틀곡을 포함한 총 3개 트랙으로 구성된 새 앨범 발표 일정을 공개했다. 이번 앨범은 지난...,"컴백, 팬미팅",https://enter.etoday.co.kr/news/view/303156,https://enter.etoday.co.kr/news/view/303156,https://enter.etoday.co.kr/news/view/303156,enter.etoday.co.kr,NAVER 뉴스 검색,N/A,황민현,REVIEW_REQUIRED,DATE_NOT_FOUND,황민현,1,,,naver_news,,a63690ca7c0a362572b5e64a,2026-10-02T10:47:00.533101+09:00
60cebc7a44651330e8d94680,8635db33f1b8143889d535a8,NAVER_NEWS,SM,SM Entertainment,CHANYEOL (찬열),exo_chanyeol,COMEBACK,NEW_EVENT,66,3,2026-10-01T12:59:00+09:00,"엑소 찬열, 일본서 ‘열일’…신보 발매→4개 도시 투어",일본서 ‘열일’,,,,NONE,,,N,,,엑소 찬열이 일본에서 두 번째 솔로 미니앨범을 선보인다. 찬열은 오는 2일 일본 두 번째 미니앨범 ‘旅’를 발매한다. 지난해 10월 발표한 일본 첫 미니앨범 ‘日々’ 이후 약 1년 만의 신보다. 앨범에는...,신보 발매,https://www.sportsworldi.com/newsView/20261001510045,https://www.sportsworldi.com/newsView/20261001510045,https://m.entertain.naver.com/article/396/0000756821,sportsworldi.com,NAVER 뉴스 검색,N/A,엑소 찬열,REVIEW_REQUIRED,DATE_NOT_FOUND,엑소 찬열,1,,,naver_news,,60cebc7a44651330e8d94680,2026-10-02T10:47:00.533101+09:00
a412414cfeae8d493dd7035c,024f9fa0ab3a1f5c7cfc4f3c,NAVER_NEWS,SM,SM Entertainment,RYEOWOOK (려욱),super_junior_ryeowook,CONCERT,NEW_EVENT,71,3,2026-10-02T13:56:00+09:00,"‘솔로 데뷔 10주년’ 려욱, 연말 콘서트 개최","‘솔로 데뷔 10주년’ , 연말 콘서트",2026-11-27,2026-11-29,2026-11-27|2026-11-28|2026-11-29,HIGH,11월 27일부터 29일까지,BODY,N,서울,,"‘솔로 데뷔 10주년’ 려욱, 연말 콘서트 개최 (제공: 에스엠엔터테인먼트) 슈퍼주니어 려욱이 솔로 데뷔 10주년의 마지막을 단독 콘서트로 장식한다. 려욱은 오는 11월 27일부터 29일까지 사흘간 서울 코엑스...",콘서트 개최,https://www.bntnews.co.kr/article/view/bnt202610020220,https://www.bntnews.co.kr/article/view/bnt202610020220,https://www.bntnews.co.kr/article/view/bnt202610020220,bntnews.co.kr,NAVER 뉴스 검색,N/A,슈퍼주니어,REVIEW_REQUIRED,MANUAL_APPROVAL_REQUIRED,려욱,1,,,naver_news,,a412414cfeae8d493dd7035c,2026-10-03T10:20:52.721467+09:00
175c47a169b1874d706629b2,3d92efcf6226bcbed2889cb8,NAVER_NEWS,SM,SM Entertainment,YESUNG (예성),super_junior_yesung,COMEBACK,NEW_EVENT,66,3,2026-10-02T10:32:00+09:00,"슈퍼주니어 예성, 10주년 앨범 발매 D-4..기대 포인트3",10주년 앨범 발매 D-4..기대 포인트3,2026-10-06,2026-10-06,2026-10-06,MEDIUM,10월 6일,BODY,N,,,"슈퍼주니어 예성이 솔로 데뷔 10주년 기념을 기념해 10월 6일 새로운 정규 앨범 ‘Where We Are’(웨어 위 아)를 발매한다. 이번 앨범은 타이틀 곡 ‘Pedazos’(페다소스)를 비롯해 모던 록, 시티 팝, 발라드, 디스코 등...",앨범 발매,https://www.heraldmuse.com/article/10891485?ref=naver,https://www.heraldmuse.com/article/10891485?ref=naver,https://m.entertain.naver.com/article/112/0003808904,heraldmuse.com,NAVER 뉴스 검색,N/A,슈퍼주니어,REVIEW_REQUIRED,DATE_LOW_CONFIDENCE,슈퍼주니어 예성,1,,,naver_news,,175c47a169b1874d706629b2,2026-10-03T10:20:52.721467+09:00
3fa26bad6b48e512d37ad752,484f9627f8bf8dbb483fd4bf,NAVER_NEWS,JYP,JYP Japan,NiziU (니쥬),niziu,COMEBACK,NEW_EVENT,68,5,2026-10-02T17:20:00+09:00,"'국내 컴백' 니쥬, 달콤한 매력 팡팡..'Sour Grapes' 음방 활동 시작","'국내 ' , 달콤한 매력 팡팡..'Sour Grapes' 음방 활동 시작",,,,NONE,,,N,,,… 니쥬)가 타이틀곡 'Sour Grapes'(사워 그레이프스) 첫 음악 방송 무대에서 달콤한 매력을 터뜨렸다. NiziU는 1일 Mnet '엠카운트다운'에 출연해 컴백 무대를 장식했다. 멤버들은 키치하고...,컴백,https://www.starnewskorea.com/music/2026/10/02/2026100217180657010,https://www.starnewskorea.com/music/2026/10/02/2026100217180657010,https://m.entertain.naver.com/article/108/0003475551,starnewskorea.com,NAVER 뉴스 검색,N/A,NiziU,REVIEW_REQUIRED,DATE_NOT_FOUND,니쥬,1,,,naver_news,,3fa26bad6b48e512d37ad752,2026-10-03T10:20:52.721467+09:00
98938bfb4ff0beb7badd4d6c,8fee61a9c907a02b1f6e38d7,NAVER_NEWS,HYBE,KOZ,ZICO (지코),zico,COMEBACK,NEW_EVENT,66,3,2026-10-02T15:31:00+09:00,"온유, 유주에 이어 지코와 특급 협업…7개월 만 신보 발매","온유, 유주에 이어 와 특급 협업",,,,NONE,,,N,,,"샤이니 온유가 지코와 협업한 싱글 앨범 '착각'의 두 번째 타이틀곡 티저를 공개했다. 온유는 2일 공식 계정을 통해 해당 곡의 티저 포스터를 게재했다. '틱 택 토(Tic Tac Toe)'는 가로, 세로, 대각선으로 O와 X를 놓는...",신보 발매,https://mhnse.com/news/articleView.html?idxno=1569848,https://mhnse.com/news/articleView.html?idxno=1569848,https://m.entertain.naver.com/article/445/0000470787,mhnse.com,NAVER 뉴스 검색,N/A,샤이니,REVIEW_REQUIRED,DATE_NOT_FOUND,지코,1,,,naver_news,,98938bfb4ff0beb7badd4d6c,2026-10-03T10:20:52.721467+09:00
281c0ad4249d3af602548b0c,f3f29a7a25fbd1db16f635ac,NAVER_NEWS,HYBE,YX LABELS,&TEAM (앤팀),andteam,ENCORE,NEW_EVENT,74,3,2026-10-03T13:57:00+09:00,"앤팀, 오늘(3일)부터 이틀간 앙코르 콘서트…아시아 투어 피날레",부터 이틀간 앙코르 콘서트,2026-10-03,2026-10-03,2026-10-03,HIGH,오늘(3일),TITLE,N,서울,'2026 앤팀 콘서트 투어 '블레이즈 더 웨이' 앙코르 인 케이스포 돔|KSPO DOME|과 4일 서울 송파구 올림픽공원 케이스포 돔|이 한국 첫 돔,앤팀(&TEAM)이 한국 첫 돔 공연으로 아시아 투어의 대미를 장식한다. 앤팀은 3일과 4일 서울 송파구 올림픽공원 케이스포 돔(KSPO DOME)에서 '2026 앤팀 콘서트 투어 '블레이즈 더 웨이' 앙코르 인 케이스포 돔'(2026...,"아시아 투어, 앙코르 콘서트",https://www.mydaily.co.kr/page/view/2026100313563035193,https://www.mydaily.co.kr/page/view/2026100313563035193,https://m.entertain.naver.com/article/117/0004111784,mydaily.co.kr,NAVER 뉴스 검색,N/A,앤팀,REVIEW_REQUIRED,MANUAL_APPROVAL_REQUIRED,앤팀,1,,,naver_news,,281c0ad4249d3af602548b0c,2026-10-04T10:56:05.430408+09:00
92382564b3d28be0156e1d4d,e6ac6e3c62755535b105b218,NAVER_NEWS,HYBE,YX LABELS,&TEAM (앤팀),andteam,ENCORE,NEW_EVENT,74,3,2026-10-03T11:36:00+09:00,"앤팀, 韓 앙코르 콘서트…'블레이즈 더 웨이', 마침표",韓 앙코르 콘서트,2026-10-03,2026-10-04,2026-10-03|2026-10-04,LOW,3~4일,BODY,N,서울,송파구 올림픽공원 KSPO돔,앤팀이 한국에서 아시아 투어의 대미를 장식한다. 앤팀은 3~4일 서울 송파구 올림픽공원 KSPO돔에서 아시아 투어 '블레이즈 더 웨이'(BLAZE THE WAY) 앙코르 공연을 개최한다. 앤팀은 지난 5월 일본 요코하마에서 투어를...,앙코르 콘서트,http://www.dispatch.co.kr/2348766,http://www.dispatch.co.kr/2348766,https://m.entertain.naver.com/article/433/0000131132,dispatch.co.kr,NAVER 뉴스 검색,N/A,앤팀,REVIEW_REQUIRED,DATE_LOW_CONFIDENCE,앤팀,1,,,naver_news,,92382564b3d28be0156e1d4d,2026-10-04T10:56:05.430408+09:00
debba9af749c63d5e6296c02,06e54eafb27dddb1f04de878,NAVER_NEWS,HYBE,빅히트 뮤직,BTS (방탄소년단),bts,TOUR_ANNOUNCEMENT,NEW_EVENT,72,3,2026-10-03T15:47:00+09:00,"BTS, 콜롬비아 보고타에서 남미 월드투어 돌입",콜롬비아 보고타에서 남미 월드투어 돌입,,,,NONE,,,N,,,"그룹 방탄소년단이 콜롬비아 보고타 에스타디오 엘 캄핀에서 월드투어 '아리랑' 남미 투어에 나섭니다. BTS가 콜롬비아와 아르헨티나에서 완전체로 공연하는 것은 이번이 처음으로, 페루 리마와 칠레 산티아고...",월드투어,http://www.yonhapnewstv.co.kr/news/MYH20261003154654YMz,http://www.yonhapnewstv.co.kr/news/MYH20261003154654YMz,https://m.entertain.naver.com/article/422/0000912270,yonhapnewstv.co.kr,NAVER 뉴스 검색,N/A,방탄소년단,REVIEW_REQUIRED,DATE_NOT_FOUND,BTS,1,,,naver_news,,debba9af749c63d5e6296c02,2026-10-04T10:56:05.430408+09:00
7e94c0e04ead2fb5f66ed3fd,249aa848be64d80513cb297c,NAVER_NEWS,HYBE,플레디스,황민현,hwang_minhyun,FANMEETING,NEW_EVENT,70,3,2026-10-04T09:48:00+09:00,"황민현, 신보 'OUR' 발매→亞 4개 지역서 팬미팅 '도원경'",도원경,,,,NONE,,,N,,,가수 겸 배우 황민현이 3일 오후 10시 공식 SNS에 신보 'OUR'의 'TRACE' 버전 오피셜 포토를 게재했다. 이번 사진은 전시 공간을 활용한 독특한 구성이 눈길을 끈다. 곡선형 벽면을 따라 놓인 초상과 그 앞에 선 황민현이 한...,팬미팅,https://www.slist.kr/news/articleView.html?idxno=770915,https://www.slist.kr/news/articleView.html?idxno=770915,https://www.slist.kr/news/articleView.html?idxno=770915,slist.kr,NAVER 뉴스 검색,N/A,황민현,REVIEW_REQUIRED,DATE_NOT_FOUND,황민현,1,,,naver_news,,7e94c0e04ead2fb5f66ed3fd,2026-10-04T10:56:05.430408+09:00
bb9e84a7adbaf10b0c69c044,fac9d90e73de60fff8b7002e,NAVER_NEWS,JYP,5세대 그룹,KickFlip (킥플립),kickflip,COMEBACK,NEW_EVENT,66,3,2026-10-05T10:04:00+09:00,"킥플립, ""청춘은 0에서 시작"" 멤버들이 고른 새 미니 앨범 한 곡","""청춘은 0에서 시작"" 멤버들이 고른 새 미니 앨범 한 곡",,,,NONE,,,N,,,"킥플립은 새 미니 앨범을 통해 청춘에 대한 각자의 생각을 곡으로 풀어냈다. 멤버들은 직접 작업에... 민제는 ""'우리 같이 청춘을 낭비해'는 지금의 킥플립과 가장 닮은 것 같다""고 운을 뗀 뒤 ""청춘은 완벽하게...",미니 앨범,https://www.topstarnews.net/news/articleView.html?idxno=16238387,https://www.topstarnews.net/news/articleView.html?idxno=16238387,https://www.topstarnews.net/news/articleView.html?idxno=16238387,topstarnews.net,NAVER 뉴스 검색,N/A,킥플립,REVIEW_REQUIRED,DATE_NOT_FOUND,킥플립,1,,,naver_news,,bb9e84a7adbaf10b0c69c044,2026-10-05T10:09:24.891214+09:00
10df6a0722954e5e4a5a4558,f54b4defccf88f95927d0e16,NAVER_NEWS,YG,본사,BABYMONSTER,babymonster,COMEBACK,NEW_EVENT,71,8,2026-10-06T09:11:00+09:00,"베이비몬스터, 10월 23일 컴백 확정…4개월 만",BABYMONSTER 컴백,2026-10-23,2026-10-23,2026-10-23,HIGH,10월 23일,TITLE,N,파리,,그룹 베이비몬스터가 10월 다시 가요계에 출격한다. YG엔터테인먼트는 6일 공식 블로그를 통해 베이비몬스터의 컴백을 알리는 ‘COMING SOON’ 티저 포스터를 공개했다. 포스터에는 신곡 공개 일자인 ‘2026.10.23 1:00 PM...,컴백,https://www.mk.co.kr/article/12168889,https://www.mk.co.kr/article/12168889,https://m.entertain.naver.com/article/009/0005744259,mk.co.kr,NAVER 뉴스 검색,N/A,베이비몬스터,REVIEW_REQUIRED,MANUAL_APPROVAL_REQUIRED,베이비몬스터,13,https://www.mydaily.co.kr/page/view/2026100609062397938|http://www.starnewsk.com/news/articleView.html?idxno=59638|https://www.tenasia.co.kr/article/2026100649324|https://www.spotvnews.co.kr/news/articleView.html?idxno=1011540|https://www.mediapen.com/news/view/1128002|https://www.xportsnews.com/article/2204355|https://www.news1.kr/entertain/music/6310942|https://isplus.com/article/view/isp202610060043|http://www.breaknews.com/1241046|https://www.bntnews.co.kr/article/view/bnt202610060157|https://sports.khan.co.kr/article/202610060916003?pt=nv|https://www.starnewskorea.com/music/2026/10/06/2026100609554911242,,naver_news,,10df6a0722954e5e4a5a4558,2026-10-06T11:26:54.984771+09:00
4e1b586b4c6eeb631ab2dc3f,969dbda9aca5c218dc7b0e51,NAVER_NEWS,YG,본사,BABYMONSTER,babymonster,COMEBACK,NEW_EVENT,68,5,2026-10-06T09:50:00+09:00,"베이비몬스터, 10월 23일 컴백 확정..글로벌 기세 잇는다[공식]",확정..글로벌 기세 잇는다[공식],2026-10-23,2026-10-23,2026-10-23,HIGH,10월 23일,TITLE,N,,,그룹 베이비몬스터가 10월 23일 컴백을 확정지었다. YG엔터테인먼트는 6일 “베이비몬스터가 오는 23일 오후 1시에 신곡을 발표하고 4개월 만에 초고속 컴백한다”고 밝혔다. 이와 함께 공식 블로그를 통해...,컴백,http://www.osen.co.kr/article/G1112888073,http://www.osen.co.kr/article/G1112888073,https://m.entertain.naver.com/article/109/0005618767,osen.co.kr,NAVER 뉴스 검색,N/A,베이비몬스터,REVIEW_REQUIRED,MANUAL_APPROVAL_REQUIRED,베이비몬스터,1,,,naver_news,,4e1b586b4c6eeb631ab2dc3f,2026-10-06T11:26:54.984771+09:00
0fe413612ce37b0918aa1003,dee792da2bacb4835c6779b1,NAVER_NEWS,YG,본사,BABYMONSTER,babymonster,COMEBACK,NEW_EVENT,66,3,2026-10-06T09:33:00+09:00,"베이비몬스터, 10월 23일 컴백 기습 발표..‘COMING SOON’ 포스터 공개",기습 ..‘COMING SOON’ 포스터 공개,2026-10-23,2026-10-23,2026-10-23,HIGH,10월 23일,TITLE,N,,,베이비몬스터가 오는 10월 23일 초고속 컴백한다. YG엔터테인먼트는 6일 공식 블로그에 ‘COMING SOON’ 티저 포스터를 게재했다. 베이비몬스터의 신곡 발매 일정인 ‘2026.10.23 1:00 PM KST’가 새겨진 포스터를...,컴백,https://www.heraldmuse.com/article/10893739?ref=naver,https://www.heraldmuse.com/article/10893739?ref=naver,https://m.entertain.naver.com/article/112/0003809097,heraldmuse.com,NAVER 뉴스 검색,N/A,베이비몬스터,REVIEW_REQUIRED,MANUAL_APPROVAL_REQUIRED,베이비몬스터,1,,,naver_news,,0fe413612ce37b0918aa1003,2026-10-06T11:26:54.984771+09:00
f87520ec0159db67681edb8c,3bfc9ccffacfad8a4099250e,NAVER_NEWS,YG,본사,BABYMONSTER,babymonster,COMEBACK,NEW_EVENT,66,3,2026-10-06T09:16:00+09:00,"베이비몬스터, 10월 23일 신곡 컴백 확정…4개월 만에 초고속 행보",신곡 확정,2026-10-23,2026-10-23,2026-10-23,HIGH,10월 23일,TITLE,N,,,베이비몬스터가 글로벌 활동을 이어가며 신곡 발매 일정을 확정했다. 베이비몬스터는 두 번째 월드투어를 진행 중인 가운데 새 음악을 준비해 10월 말 컴백 흐름을 예고했다. YG엔터테인먼트는 6일 공식 블로그에...,컴백,https://www.topstarnews.net/news/articleView.html?idxno=16239028,https://www.topstarnews.net/news/articleView.html?idxno=16239028,https://www.topstarnews.net/news/articleView.html?idxno=16239028,topstarnews.net,NAVER 뉴스 검색,N/A,베이비몬스터,REVIEW_REQUIRED,MANUAL_APPROVAL_REQUIRED,베이비몬스터,1,,,naver_news,,f87520ec0159db67681edb8c,2026-10-06T11:26:54.984771+09:00
89126e6bd4dc59064cdefde5,2777da94a6a8a1a2b6bbaddf,NAVER_NEWS,YG,본사,BABYMONSTER,babymonster,COMEBACK,NEW_EVENT,66,3,2026-10-06T09:48:00+09:00,"베이비몬스터, 초고속 컴백 확정⋯가을 컴백 대전 합류",초고속 확정⋯가을 대전 합류,2026-10-23,2026-10-23,2026-10-23,HIGH,2026.10.23,BODY,N,,,이투데이=장유진 기자 | 그룹 베이비몬스터(BABYMONSTER)가 초고속 컴백을 알렸다. YG엔터테인먼트는 6일 공식 블로그에 '커밍 순(COMING SOON)' 티저 포스터를 게재했다. 베이비몬스터의 신곡 발매 일정인 '2026.10.23 1:00...,컴백,https://www.etoday.co.kr/news/view/2632677,https://www.etoday.co.kr/news/view/2632677,https://www.etoday.co.kr/news/view/2632677,etoday.co.kr,NAVER 뉴스 검색,N/A,베이비몬스터,REVIEW_REQUIRED,MANUAL_APPROVAL_REQUIRED,베이비몬스터,2,https://www.nc.press/news/articleView.html?idxno=627910,,naver_news,,89126e6bd4dc59064cdefde5,2026-10-06T11:26:54.984771+09:00
bc5f38d530e36aede15a61d0,0b39e8fbee13bee00226c17d,NAVER_NEWS,SM,SM Entertainment,MAX CHANGMIN (최강창민),tvxq_changmin,COMEBACK,NEW_EVENT,69,3,2026-10-06T10:30:00+09:00,"최강창민, 19일 세 번째 미니앨범 발매",세 번째 미니앨범 발매,2026-10-19,2026-10-19,2026-10-19,MEDIUM,19일,TITLE,N,,,"최강창민, 19일 세 번째 미니앨범 발매 (제공: 에스엠엔터테인먼트) 동방신기 최강창민이 세 번째... 또한 최강창민은 지난 5일부터 동방신기 공식 SNS 채널을 통해 티저 이미지와 영상을 순차적으로 오픈하고 있으며...","미니앨범, 앨범 발매",https://www.bntnews.co.kr/article/view/bnt202610060198,https://www.bntnews.co.kr/article/view/bnt202610060198,https://www.bntnews.co.kr/article/view/bnt202610060198,bntnews.co.kr,NAVER 뉴스 검색,N/A,동방신기,REVIEW_REQUIRED,DATE_LOW_CONFIDENCE,최강창민,1,,,naver_news,,bc5f38d530e36aede15a61d0,2026-10-06T11:26:54.984771+09:00
ca40e28f50dfe11f653160d9,15a6c959ff92e31361ed8bff,NAVER_NEWS,JYP,5세대 그룹,KickFlip (킥플립),kickflip,COMEBACK,NEW_EVENT,66,3,2026-10-06T08:34:00+09:00,"킥플립, 첫 더블 타이틀 컴백…'KICK OFF THE WALL Pt. 1' 발매",첫 더블 타이틀,,,,NONE,,,N,,,킥플립(KickFlip)이 데뷔 첫 더블 타이틀곡과 멤버들이 전곡 작업에 참여한 신보로 청춘의 고민과 도전을 노래한다. 킥플립은 6일 오후 6시 새 미니 앨범 'KICK OFF THE WALL Pt. 1'(킥 오프 더 월 파트 원)을 발매한다. 지난...,컴백,https://www.slist.kr/news/articleView.html?idxno=771240,https://www.slist.kr/news/articleView.html?idxno=771240,https://www.slist.kr/news/articleView.html?idxno=771240,slist.kr,NAVER 뉴스 검색,N/A,킥플립,REVIEW_REQUIRED,DATE_NOT_FOUND,킥플립,1,,,naver_news,,ca40e28f50dfe11f653160d9,2026-10-06T11:26:54.984771+09:00
b784273a3289886978f2ec25,c415c8748732b9b427978759,NAVER_NEWS,JYP,5세대 그룹,KickFlip (킥플립),kickflip,COMEBACK,NEW_EVENT,66,3,2026-10-05T19:20:00+09:00,"킥플립, 글로벌 컴백 스테이지 개최… '더블 타이틀' 선보인다",글로벌 스테이지,,,,NONE,,,N,,,"JYP엔터테인먼트 보이그룹 킥플립(KickFlip)이 글로벌 컴백 스테이지로 새로운 무대를 선보인다. 킥플립(계훈, 동화, 주왕, 민제, 케이주, 동현)은 오는 7일 오후 9시 'KickFlip COMEBACK STAGE : KICK OFF THE WALL Pt. 1'을...",컴백,https://www.ggilbo.com/news/articleView.html?idxno=1184564,https://www.ggilbo.com/news/articleView.html?idxno=1184564,https://www.ggilbo.com/news/articleView.html?idxno=1184564,ggilbo.com,NAVER 뉴스 검색,N/A,킥플립,REVIEW_REQUIRED,DATE_NOT_FOUND,킥플립,1,,,naver_news,,b784273a3289886978f2ec25,2026-10-06T11:26:54.984771+09:00
d56102a086678d9980676259,a233232f205284426c78bddc,NAVER_NEWS,HYBE,플레디스,TWS (투어스),tws,COMEBACK,NEW_EVENT,68,5,2026-10-07T08:36:00+09:00,"[공식]'밀리언셀러' 투어스, 11월 2일 'TO US' 초고속 컴백 확정","[공식]'밀리언셀러' , 'TO US' 초고속 확정",2026-11-02,2026-11-02,2026-11-02,HIGH,11월 2일,TITLE,N,,,아이돌그룹 TWS(투어스)가 오는 11월 2일 싱글 2집 'TO US'를 발매한다. 전작으로 '밀리언셀러'를 달성한 뒤... 같은 날 TWS 공식 유튜브 채널에 게재된 'TWS(투어스) Being Together : TO US'는 이들의 정제되지 않은 진심을...,컴백,https://www.starnewskorea.com/music/2026/10/07/2026100708335225037,https://www.starnewskorea.com/music/2026/10/07/2026100708335225037,https://m.entertain.naver.com/article/108/0003476581,starnewskorea.com,NAVER 뉴스 검색,N/A,투어스,REVIEW_REQUIRED,MANUAL_APPROVAL_REQUIRED,투어스,2,https://www.mydaily.co.kr/page/view/2026100708383338694,,naver_news,,d56102a086678d9980676259,2026-10-07T10:45:20.724443+09:00
da35a3ae95dc0ebe5f95d7ea,33aeb93da564446707294ac5,NAVER_NEWS,HYBE,플레디스,TWS (투어스),tws,COMEBACK,NEW_EVENT,66,3,2026-10-07T10:12:00+09:00,"투어스(TWS), 11월 2일 싱글 2집 ‘TO US’ 발매..6개월만 컴백 확정","투어스( ), 싱글 2집 ‘TO US’ 발매..6개월만 확정",2026-11-02,2026-11-02,2026-11-02,HIGH,11월 2일,TITLE,N,,,브레이크뉴스 박동제 기자= 그룹 투어스(TWS)가 오는 11월 2일 싱글 2집 ‘TO US’를... 지금 투어스가 전하고 싶은 솔직한 이야기가 담긴다. 여섯 멤버는 다양한 감정과...,컴백,http://www.breaknews.com/1241393,http://www.breaknews.com/1241393,http://www.breaknews.com/1241393,breaknews.com,NAVER 뉴스 검색,N/A,투어스,REVIEW_REQUIRED,MANUAL_APPROVAL_REQUIRED,TWS,1,,,naver_news,,da35a3ae95dc0ebe5f95d7ea,2026-10-07T10:45:20.724443+09:00
672abcbedcc388e1d33199fd,9b6a6a83a07b4d77c64b0dc2,NAVER_NEWS,HYBE,플레디스,TWS (투어스),tws,COMEBACK,NEW_EVENT,66,3,2026-10-07T10:06:00+09:00,"투어스, 11월 2일 싱글 2집 '투 어스' 발매… 6개월 만의 컴백",싱글 2집 '투 어스' 발매,2026-11-02,2026-11-02,2026-11-02,HIGH,11월 2일,TITLE,N,,,… '투 어스(TO US)'를 발매하고 약 6개월 만에 돌아온다. 투어스는 6일 공식 유튜브 채널에 'TWS Being Together : TO US'를 공개하며 컴백 소식을 알렸다. 팀명과 발음이 같은 '투 어스...,컴백,http://www.tvdaily.co.kr/read.php3?aid=17913348691804898010,http://www.tvdaily.co.kr/read.php3?aid=17913348691804898010,https://m.entertain.naver.com/article/440/0000048049,tvdaily.co.kr,NAVER 뉴스 검색,N/A,투어스,REVIEW_REQUIRED,MANUAL_APPROVAL_REQUIRED,투어스,2,https://www.news1.kr/entertain/music/6312301,,naver_news,,672abcbedcc388e1d33199fd,2026-10-07T10:45:20.724443+09:00
5475f5d3e35d9f7bd4bc25aa,7d9e0983055b9268c22fbb69,NAVER_NEWS,SM,3세대 그룹,WayV,wayv,COMEBACK,NEW_EVENT,69,3,2026-10-06T11:36:00+09:00,"웨이션브이 샤오쥔, 데뷔 7년 만에 솔로 출격…26일 첫 미니앨범 발매","샤오쥔, 데뷔 7년 만에 솔로 출격",2026-10-26,2026-10-26,2026-10-26,MEDIUM,26일,TITLE,N,,,그룹 웨이션브이 샤오쥔이 데뷔 7년 만에 첫 솔로 앨범을 선보인다. 6일 SM엔터테인먼트에 따르면 샤오쥔은... 샤오쥔은 웨이션브이에서 보컬을 맡아 안정적인 고음과 섬세한 표현력을 보여온 멤버다. 엔시티 활동을...,"미니앨범, 앨범 발매",https://isplus.com/article/view/isp202610060079,https://isplus.com/article/view/isp202610060079,https://m.entertain.naver.com/article/241/0003533999,isplus.com,NAVER 뉴스 검색,N/A,웨이션브이,REVIEW_REQUIRED,DATE_LOW_CONFIDENCE,웨이션브이,1,,,naver_news,,5475f5d3e35d9f7bd4bc25aa,2026-10-07T10:45:20.724443+09:00
7522d4b3c367528f4ef1a69e,a7c31facb407b2c429f9c402,NAVER_NEWS,YG,본사,BABYMONSTER,babymonster,COMEBACK,NEW_EVENT,66,3,2026-10-06T16:33:00+09:00,"베이비몬스터, 23일 컴백 확정 [공식]",확정 [공식],2026-10-23,2026-10-23,2026-10-23,MEDIUM,23일,TITLE,N,,,베이비몬스터가 오는 23일 신곡을 발표하고 약 4개월 만에 컴백한다. YG엔터테인먼트는 6일 공식 블로그를 통해 ‘COMING SOON’ 티저 포스터를 공개하고 베이비몬스터의 신곡 발매 소식을 알렸다. 포스터에는...,컴백,https://sports.donga.com/ent/article/all/20261006/134794798/1,https://sports.donga.com/ent/article/all/20261006/134794798/1,https://m.entertain.naver.com/article/382/0001297494,sports.donga.com,NAVER 뉴스 검색,N/A,베이비몬스터,REVIEW_REQUIRED,DATE_LOW_CONFIDENCE,베이비몬스터,1,,,naver_news,,7522d4b3c367528f4ef1a69e,2026-10-07T10:45:20.724443+09:00
623002ae84a4025a432dff06,c2ffb0e252e5265038293642,NAVER_NEWS,YG,본사,BABYMONSTER,babymonster,COMEBACK,NEW_EVENT,66,3,2026-10-06T11:04:00+09:00,"베이비몬스터, 23일 컴백 확정…4개월 만 초고속 신곡",BABYMONSTER 컴백,2026-10-23,2026-10-23,2026-10-23,MEDIUM,23일,TITLE,N,,,그룹 베이비몬스터가 약 4개월 만에 신곡을 발표한다. YG엔터테인먼트는 6일 공식 블로그에 'COMING SOON' 티저 포스터를 게재하고 베이비몬스터의 컴백 소식을 알렸다. 포스터에 따르면 신곡은 오는 23일 오후 1시...,컴백,https://www.tenasia.co.kr/article/2026100649324,https://www.tenasia.co.kr/article/2026100649324,https://m.entertain.naver.com/article/312/0000778820,tenasia.co.kr,NAVER 뉴스 검색,N/A,베이비몬스터,REVIEW_REQUIRED,DATE_LOW_CONFIDENCE,베이비몬스터,3,http://www.starnewsk.com/news/articleView.html?idxno=59638|https://www.spotvnews.co.kr/news/articleView.html?idxno=1011540,,naver_news,,623002ae84a4025a432dff06,2026-10-07T10:45:20.724443+09:00
7e91fd762db949922432ebff,94c71100a3bf2d31c244a519,NAVER_NEWS,SM,SM Entertainment,MAX CHANGMIN (최강창민),tvxq_changmin,COMEBACK,NEW_EVENT,69,3,2026-10-06T15:56:00+09:00,"강렬한 기타·드럼에 실린 위로…최강창민, 세 번째 미니앨범 발매",강렬한 기타·드럼에 실린 위로,,,,NONE,,,N,,,동방신기 최강창민이 강렬한 기타와 드럼 사운드에 위로의 메시지를 싣는다. 유려한 보컬을 앞세운 록... 지난 5일부터 동방신기 공식 SNS를 통해 선보인 이미지와 영상에는 바쁘게 흘러가는 일상과 즐거운 주말을 보내는...,"미니앨범, 앨범 발매",https://sports.donga.com/ent/article/all/20261006/134794194/1,https://sports.donga.com/ent/article/all/20261006/134794194/1,https://m.entertain.naver.com/article/382/0001297485,sports.donga.com,NAVER 뉴스 검색,N/A,동방신기,REVIEW_REQUIRED,DATE_NOT_FOUND,최강창민,1,,,naver_news,,7e91fd762db949922432ebff,2026-10-07T10:45:20.724443+09:00
1a97b3497fa199b52f940ef5,c2ffb0e252e5265038293642,NAVER_NEWS,YG,본사,BABYMONSTER,babymonster,COMEBACK,NEW_EVENT,69,3,2026-10-06T15:42:00+09:00,"베이비몬스터, 새 앨범 티저 오픈…4개월 만의 컴백",BABYMONSTER 컴백,2026-10-23,2026-10-23,2026-10-23,MEDIUM,23일,ENRICHED_TITLE,N,,최근 일본 교세라 돔,그룹 베이비몬스터가 4개월 만에 컴백한다. 베이비몬스터는 6일 YG엔터테인먼트 공식 블로그를 통해 신곡 발매 일정을 담은 'COMING SOON(커밍 순)' 포스터를 게재했다. 공개된 포스터는 어둠 속 행성과 수면 위...,"새 앨범, 컴백",https://enter.etoday.co.kr/news/view/303353,https://enter.etoday.co.kr/news/view/303353,https://enter.etoday.co.kr/news/view/303353,enter.etoday.co.kr,NAVER 뉴스 검색,N/A,베이비몬스터,REVIEW_REQUIRED,DATE_ENRICHED_REVIEW,베이비몬스터,3,https://www.tenasia.co.kr/article/2026100649324|http://www.starnewsk.com/news/articleView.html?idxno=59638,,naver_news,,1a97b3497fa199b52f940ef5,2026-10-07T10:45:20.724443+09:00
e54d5ac563477242d4298bf5,ee1bca7d6af6bf50123583ee,NAVER_NEWS,HYBE,플레디스,황민현,hwang_minhyun,COMEBACK,NEW_EVENT,66,3,2026-10-07T09:46:00+09:00,"[오늘컴백] 황민현, 8개월만 본업 복귀…'OUR' 발표","[오늘 ] , 8개월만 본업 복귀",,,,NONE,,,N,,,"가수 겸 배우 황민현이 7일 오후 6시 새 디지털 싱글 'OUR'를 발매한다. 이번 신보는 황민현이 지난 2월 발표한 'Truth' 이후 약 8개월 만에 선보이는 작품이다. 황민현은 타이틀곡 'OUR'를 비롯해 'Know You Better', 'Hotline' 등...",컴백,http://www.joynews24.com/view/2012495,http://www.joynews24.com/view/2012495,http://www.joynews24.com/view/2012495,joynews24.com,NAVER 뉴스 검색,N/A,황민현,REVIEW_REQUIRED,DATE_NOT_FOUND,황민현,1,,,naver_news,,e54d5ac563477242d4298bf5,2026-10-07T10:45:20.724443+09:00
a1643939ced11ecaf716b94f,0c4a4231a3031241bd4b4406,NAVER_NEWS,HYBE,플레디스,TWS (투어스),tws,COMEBACK,NEW_EVENT,68,5,2026-10-07T13:48:00+09:00,"투어스, 11월 2일 'To US'로 컴백 확정[공식]",'To US'로 확정[공식],2026-11-02,2026-11-02,2026-11-02,HIGH,11월 2일,TITLE,N,,,그룹 투어스(TWS)가 다가오는 11월 2일 신곡으로 6개월 만에 컴백한다. 소속사 플레디스 엔터엔먼트는 7일 “투어스가 내달 2일 싱글 2집 ‘투 어스(TO US)’를 발매한다”고 밝혔다. 이어 “올해 쉼 없이 달려오며 한층...,컴백,http://www.osen.co.kr/article/G1112888965,http://www.osen.co.kr/article/G1112888965,https://m.entertain.naver.com/article/109/0005619654,osen.co.kr,NAVER 뉴스 검색,N/A,투어스,REVIEW_REQUIRED,MANUAL_APPROVAL_REQUIRED,투어스,1,,,naver_news,,a1643939ced11ecaf716b94f,2026-10-08T11:13:08.590478+09:00
0c77e8b887dea06bcf7c9d4e,83992b45b0cff2bcb165af95,NAVER_NEWS,SM,4세대 그룹,NCT WISH,nct_wish,COMEBACK,NEW_EVENT,66,3,2026-10-08T11:06:00+09:00,성수에서 발견하는 NCT WISH..10월 14일 컴백 기념 팝업 오픈,성수에서 발견하는 .. 기념 팝업,2026-10-14,2026-10-14,2026-10-14,HIGH,10월 14일,TITLE,N,,,NCT WISH(엔시티 위시)가 네 번째 미니앨범 ‘I SPY’(아이 스파이) 발매 기념 팝업을 연다. NCT WISH 네 번째 미니앨범 ‘I SPY’ 발매 기념 팝업 ‘WISH LAND’(위시랜드)는 10월 14일부터 24일까지 트렌드팟 바이...,컴백,https://www.heraldmuse.com/article/10896772?ref=naver,https://www.heraldmuse.com/article/10896772?ref=naver,https://m.entertain.naver.com/article/112/0003809461,heraldmuse.com,NAVER 뉴스 검색,N/A,엔시티 위시,REVIEW_REQUIRED,MANUAL_APPROVAL_REQUIRED,NCT WISH,1,,,naver_news,,0c77e8b887dea06bcf7c9d4e,2026-10-08T11:13:08.590478+09:00
4367e63ebe3c7d2b9b399774,d8690b5049cfdc01f3cf1fed,NAVER_NEWS,HYBE,플레디스,TWS (투어스),tws,COMEBACK,NEW_EVENT,66,3,2026-10-07T17:06:00+09:00,"'앙탈 춤' 대박난 투어스, 11월 2일 컴백 확정…""다양한 고민 꺼냈다""","'앙탈 춤' 대박난 , 확정",2026-11-02,2026-11-02,2026-11-02,HIGH,11월 2일,TITLE,N,,,그룹 투어스(TWS)가 여섯 청춘의 꾸밈없는 모습을 과감히 담은 신곡으로 돌아온다. 투어스는 오는 11월 2일 두 번째 싱글 '투 어스'(TO US)를 발매한다. 팀명과 발음이 동일한 앨범명이다. 지금 투어스가 전하고 싶은...,컴백,https://www.xportsnews.com/article/2205111,https://www.xportsnews.com/article/2205111,https://m.entertain.naver.com/article/311/0002066346,xportsnews.com,NAVER 뉴스 검색,N/A,투어스,REVIEW_REQUIRED,MANUAL_APPROVAL_REQUIRED,투어스,1,,,naver_news,,4367e63ebe3c7d2b9b399774,2026-10-08T11:13:08.590478+09:00
fdec050b56c0e1a7e4b80d6d,0a7a4c96528de6fc0635d893,NAVER_NEWS,HYBE,플레디스,TWS (투어스),tws,COMEBACK,NEW_EVENT,66,3,2026-10-07T14:58:00+09:00,"투어스, 다음달 2일 컴백...싱글 2집 ‘TO US’ 발매",TWS (투어스) 컴백,2026-11-02,2026-11-02,2026-11-02,HIGH,다음달 2일,TITLE,N,,,"'NO TRAGEDY' 이후 6개월 만 컴백 그룹 TWS(투어스)가 다음달 2일 가요계에 컴백한다. 7일 소속사 플레디스 엔터테인먼트(하이브)에 따르면, 투어스는 다음달 2일 싱글 2집 'TO US'를 발매한다. 미니 5집 'NO TRAGEDY'로...",컴백,https://www.raonnews.com/news/article.html?no=61704,https://www.raonnews.com/news/article.html?no=61704,https://www.raonnews.com/news/article.html?no=61704,raonnews.com,NAVER 뉴스 검색,N/A,투어스,REVIEW_REQUIRED,MANUAL_APPROVAL_REQUIRED,투어스,1,,,naver_news,,fdec050b56c0e1a7e4b80d6d,2026-10-08T11:13:08.590478+09:00
c5c11397969d82cf95686306,8329b763429874b1058b66ad,NAVER_NEWS,SM,SM Entertainment,MAX CHANGMIN (최강창민),tvxq_changmin,COMEBACK,NEW_EVENT,66,3,2026-10-08T09:18:00+09:00,"최강창민, 3번째 미니앨범 19일 발매",3번째 미니앨범 발매,2026-10-19,2026-10-19,2026-10-19,MEDIUM,19일,TITLE,N,,,최강창민 3번째 미니앨범 19일 발매 (제공: 에스엠엔터테인먼트) 동방신기 최강창민이 세 번째 미니앨범 ‘All Of My Life’(올 오브 마이 라이프)로 돌아온다. 최강창민의 세 번째 미니앨범 ‘All Of My Life’는 오는...,미니앨범,https://www.bntnews.co.kr/article/view/bnt202610080119,https://www.bntnews.co.kr/article/view/bnt202610080119,https://www.bntnews.co.kr/article/view/bnt202610080119,bntnews.co.kr,NAVER 뉴스 검색,N/A,동방신기,REVIEW_REQUIRED,DATE_LOW_CONFIDENCE,최강창민,1,,,naver_news,,c5c11397969d82cf95686306,2026-10-08T11:13:08.590478+09:00
f60563ac941cf0265ad770b5,464b5979bff222e550aa822d,NAVER_NEWS,HYBE,플레디스,황민현,hwang_minhyun,COMEBACK,NEW_EVENT,68,5,2026-10-07T17:35:00+09:00,"황민현, 오늘 신곡 ‘OUR’ 발매…8개월만에 컴백",오늘 신곡 ‘OUR’ 발매,2026-10-07,2026-10-07,2026-10-07,MEDIUM,오늘(7일),BODY,N,,,가수 겸 배우 황민현이 약 8개월 만에 새로운 음악으로 돌아온다. 황민현의 새 디지털 싱글 ‘OUR’는 오늘(7일) 오후 6시 각종 음원 사이트를 통해 발매된다. 지난 2월 발표한 ‘Truth’ 이후 약 8개월 만에 선보이는...,컴백,http://www.osen.co.kr/article/G1112889216,http://www.osen.co.kr/article/G1112889216,https://m.entertain.naver.com/article/109/0005619891,osen.co.kr,NAVER 뉴스 검색,N/A,황민현,REVIEW_REQUIRED,DATE_LOW_CONFIDENCE,황민현,1,,,naver_news,,f60563ac941cf0265ad770b5,2026-10-08T11:13:08.590478+09:00
069365dacd8fdf411ce643a0,96fca400af0eb26528f62f71,NAVER_NEWS,JYP,4세대 그룹,Stray Kids,stray_kids,TOUR_EXPANSION,NEW_EVENT,76,3,2026-10-08T08:14:00+09:00,"스트레이 키즈, 도쿄돔 공연 전 세계 극장 동시 상영으로 월드투어 확장",도쿄돔 공연 전 세계 극장 동시 상영으로 월드투어 확장,,,,NONE,,,N,도쿄|서울,가 새 월드투어를 도쿄돔|도쿄돔,"스트레이 키즈(Stray Kids)가 새 월드투어를 도쿄돔 극장 생중계로 확장하며 글로벌 공연 반경을 넓힌다. 서울과 일본, 라틴 아메리카를 잇는 대형 공연 일정을 채운 가운데, 도쿄돔 공연을 전 세계 극장과 연결하는...","월드투어, 투어 확장",https://www.topstarnews.net/news/articleView.html?idxno=16241283,https://www.topstarnews.net/news/articleView.html?idxno=16241283,https://www.topstarnews.net/news/articleView.html?idxno=16241283,topstarnews.net,NAVER 뉴스 검색,N/A,스트레이 키즈,REVIEW_REQUIRED,DATE_NOT_FOUND,스트레이 키즈,1,,,naver_news,,069365dacd8fdf411ce643a0,2026-10-08T11:13:08.590478+09:00
11e00a877b5b99be648bbb32,719b15a33173ce6e0e77a4f9,NAVER_NEWS,HYBE,플레디스,TWS (투어스),tws,COMEBACK,NEW_EVENT,68,5,2026-10-07T17:46:00+09:00,"투어스, 본격 컴백 준비…자체 예능 휴식기 돌입",본격 준비,,,,NONE,,,N,,,"그룹 TWS(투어스)가 자체 예능 ‘TWS’의 여정을 잠시 마무리하고 컴백 준비에 돌입한다. TWS(신유, 도훈, 영재, 한진, 지훈, 경민)는 지난 6일 팀 공식 유튜브 채널에 ‘TWS’ 비하인드 영상을 공개했다. 지난 6월부터 매주...",컴백,http://www.osen.co.kr/article/G1112889225,http://www.osen.co.kr/article/G1112889225,https://m.entertain.naver.com/article/109/0005619898,osen.co.kr,NAVER 뉴스 검색,N/A,투어스,REVIEW_REQUIRED,DATE_NOT_FOUND,투어스,1,,,naver_news,,11e00a877b5b99be648bbb32,2026-10-08T11:13:08.590478+09:00
d291e921c5f10570ec80c46c,fb5d9cd81e2157353537396b,NAVER_NEWS,SM,4세대 그룹,NCT WISH,nct_wish,POPUP,NEW_EVENT,68,3,2026-10-08T10:20:00+09:00,"[스톡 브리핑] 엔시티 위시, 'I SPY' 발매 기념 팝업스토어 오픈","[스톡 브리핑] , 'I SPY' 발매 기념 팝업스토어",,,,NONE,,,N,,,"에스엠(041510, SM) 소속 그룹 NCT WISH(엔시티 위시)가 네 번째 미니앨범 발매를 기념해 팝업스토어를 개최한다. 엔시티 위시의 네 번째 미니앨범 ‘I SPY’ 발매 기념 팝업스토어 ‘WISH LAND’(위시랜드)가 14일부터...",팝업스토어,https://enter.etoday.co.kr/news/view/303435,https://enter.etoday.co.kr/news/view/303435,https://enter.etoday.co.kr/news/view/303435,enter.etoday.co.kr,NAVER 뉴스 검색,N/A,엔시티 위시,REVIEW_REQUIRED,DATE_NOT_FOUND,엔시티 위시,1,,,naver_news,,d291e921c5f10570ec80c46c,2026-10-08T11:13:08.590478+09:00
f9373ffdd27babcbac8ed0f5,dc16ed982c0cf505c9585948,NAVER_NEWS,SM,4세대 그룹,NCT WISH,nct_wish,COMEBACK,NEW_EVENT,66,3,2026-10-08T10:16:00+09:00,"엔시티 위시, 신보 발매 기념 팝업 오픈",기념 팝업,,,,NONE,,,N,,,"엔시티 위시, 신보 발매 기념 팝업 오픈 (제공: 에스엠엔터테인먼트) NCT WISH(엔시티 위시)가 네 번째 미니앨범 ‘I SPY’ (아이 스파이) 발매를 기념해 특별한 팝업을 연다. NCT WISH 네 번째 미니앨범 ‘I SPY’ 발매...",신보 발매,https://www.bntnews.co.kr/article/view/bnt202610080154,https://www.bntnews.co.kr/article/view/bnt202610080154,https://www.bntnews.co.kr/article/view/bnt202610080154,bntnews.co.kr,NAVER 뉴스 검색,N/A,엔시티 위시,REVIEW_REQUIRED,DATE_NOT_FOUND,엔시티 위시,1,,,naver_news,,f9373ffdd27babcbac8ed0f5,2026-10-08T11:13:08.590478+09:00
21a9c688e73d453e7eafe69e,a89dd7b6785c92ed23039698,NAVER_NEWS,JYP,5세대 그룹,KickFlip (킥플립),kickflip,POPUP,NEW_EVENT,68,3,2026-10-09T10:48:00+09:00,"‘컴백’ 킥플립, 9~18일 팝업스토어 개최","‘ ’ , 팝업스토어",2026-10-09,2026-10-18,2026-10-09|2026-10-10|2026-10-11|2026-10-12|2026-10-13|2026-10-14|2026-10-15|2026-10-16|2026-10-17|2026-10-18,HIGH,9~18일,TITLE,N,서울,,K팝 그룹 킥플립(KickFlip)이 컴백을 기념하는 팝업 스토어를 개최한다. 킥플립은 9일부터 오는 18일까지 서울 성동구 아차산로5길 24-14에서 그룹 공식 캐릭터 킥둥쓰(KICKDOONGS)를 테마로 한 팝업...,"컴백, 팝업스토어",https://www.munhwa.com/article/11622376?ref=naver,https://www.munhwa.com/article/11622376?ref=naver,https://m.entertain.naver.com/article/021/0002824028,munhwa.com,NAVER 뉴스 검색,N/A,킥플립,REVIEW_REQUIRED,MANUAL_APPROVAL_REQUIRED,킥플립,1,,,naver_news,,21a9c688e73d453e7eafe69e,2026-10-09T11:28:04.771487+09:00
21c97af596006f462f40ca61,a3ae82084d1232e4cd6b3c4b,NAVER_NEWS,JYP,5세대 그룹,KickFlip (킥플립),kickflip,POPUP,NEW_EVENT,68,3,2026-10-09T09:30:00+09:00,"킥플립, 오늘(9일)부터 신보 발매 기념 팝업 스토어",부터 기념 팝업 스토어,2026-10-09,2026-10-09,2026-10-09,HIGH,오늘(9일),TITLE,N,,,"그룹 킥플립(KickFlip)이 신보 발매를 기념해 특별한 팝업 스토어를 개최하고 컴백 열기를 이어간다. 킥플립은 지난 6일 새 미니 앨범 'KICK OFF THE WALL Pt. 1'과 더블 타이틀곡 '미완성', 'Kick Off The Wall (Feat. iann dior)...","신보 발매, 팝업 스토어",https://www.cbci.co.kr/news/articleView.html?idxno=613804,https://www.cbci.co.kr/news/articleView.html?idxno=613804,https://www.cbci.co.kr/news/articleView.html?idxno=613804,cbci.co.kr,NAVER 뉴스 검색,N/A,킥플립,REVIEW_REQUIRED,MANUAL_APPROVAL_REQUIRED,킥플립,2,https://www.bntnews.co.kr/article/view/bnt202610090114,,naver_news,,21c97af596006f462f40ca61,2026-10-09T11:28:04.771487+09:00
6061da9302edca56b9532d38,aead3ea263fdfaeb28929c77,NAVER_NEWS,JYP,GOT7,GOT7,got7,ADDITIONAL_SHOW,EXPLICIT_ADDITIONAL_SHOW,78,3,2026-10-08T16:35:00+09:00,"여전히 끈끈한 갓세븐 JAY B·마크·뱀뱀, 태국 콘서트 매진에 추가 공연","여전히 끈끈한 JAY B·마크·뱀뱀, 태국 콘서트 매진에 추가 공연",2014-01-16,2014-01-16,2014-01-16,MEDIUM,2014년 1월 16일,BODY,N,방콕,,"그룹 갓세븐(GOT7) 멤버 JAY B, 마크, 뱀뱀이 태국 방콕에서 추가 공연을 열고 현지 팬들과 만난다. JAY B... 꾸미는 갓세븐 스페셜 스테이지까지 약 180분간 다채로운 무대를 선보일 예정이다. 2014년 1월 16일...",추가 공연,https://www.newsen.com/news_view.php?uid=202610081629332410,https://www.newsen.com/news_view.php?uid=202610081629332410,https://m.entertain.naver.com/article/609/0001176852,newsen.com,NAVER 뉴스 검색,N/A,갓세븐,REVIEW_REQUIRED,DATE_LOW_CONFIDENCE,갓세븐,1,,,naver_news,,6061da9302edca56b9532d38,2026-10-09T11:28:04.771487+09:00
8bf82cc49797e4e47dfdf96e,c2e0cd5794fa8df93db55ac6,NAVER_NEWS,HYBE,빌리프랩,ILLIT (아일릿),illit,ENCORE,NEW_EVENT,74,3,2026-10-08T17:42:00+09:00,"드림에이지 리듬하이브, 아일릿 앙코르 공연 프로모션 진행","드림에이지 리듬하이브, 앙코르 공연 프로모션 진행",2026-10-17,2026-10-18,2026-10-17|2026-10-18,MEDIUM,17~18일,BODY,N,인천,인스파이어 아레나,"드림에이지가 모바일 퍼즐 게임 '리듬하이브'에서 아일릿 앙코르 공연과 연계한 프로모션을 진행한다. 오는 17~18일 인천 인스파이어 아레나 공연장에 게임 체험존을 마련하고, 참여 관람객에게 '아일릿 퍼포먼스 카드 세트...",앙코르 공연,http://www.ftoday.co.kr/news/articleView.html?idxno=366952,http://www.ftoday.co.kr/news/articleView.html?idxno=366952,http://www.ftoday.co.kr/news/articleView.html?idxno=366952,ftoday.co.kr,NAVER 뉴스 검색,N/A,아일릿,REVIEW_REQUIRED,DATE_LOW_CONFIDENCE,아일릿,1,,,naver_news,,8bf82cc49797e4e47dfdf96e,2026-10-09T11:28:04.771487+09:00
b6a7a1bde0b7b2fe9653c79a,f57f88df2eb3329bb91e9450,NAVER_NEWS,JYP,GOT7,GOT7,got7,ADDITIONAL_SHOW,EXPLICIT_ADDITIONAL_SHOW,78,3,2026-10-08T15:30:00+09:00,"갓세븐 제이비·마크·뱀뱀, 방콕 공연 전석매진…1회차 추가 확정","제이비·마크·뱀뱀, 방콕 공연 전석매진",,,,NONE,,,N,방콕,,"그룹 갓세븐(GOT7) JAY B, 마크, 뱀뱀이 태국 방콕에서 뜨거운 티켓 파워를 입증했다. JAY B, 마크, 뱀뱀은... 이번 공연에서는 세 사람의 솔로 무대와 갓세븐으로 함께하는 스페셜 스테이지를 모두 만나볼 수...",회차 추가,https://www.slist.kr/news/articleView.html?idxno=772044,https://www.slist.kr/news/articleView.html?idxno=772044,https://www.slist.kr/news/articleView.html?idxno=772044,slist.kr,NAVER 뉴스 검색,N/A,갓세븐,REVIEW_REQUIRED,DATE_NOT_FOUND,갓세븐,1,,,naver_news,,b6a7a1bde0b7b2fe9653c79a,2026-10-09T11:28:04.771487+09:00
2575bef1780afcc87ff06303,d1287a69e3db46144c47074c,NAVER_NEWS,HYBE,빌리프랩,ILLIT (아일릿),illit,ENCORE,NEW_EVENT,74,3,2026-10-08T18:44:00+09:00,"드림에이지 ‘리듬하이브’, 아일릿 앙코르 공연 현장서 체험존·이벤트...","드림에이지 ‘리듬하이브’, 앙코르 공연 현장서 체험존·이벤트",,,,NONE,,,N,,,드림에이지의 모바일 퍼즐 게임 ‘리듬하이브’가 그룹 아일릿의 앙코르 공연에 맞춰 게임과 공연 현장을... 게임을 해본 관람객에게는 게임 내 ‘아일릿 퍼포먼스 카드 세트’ 쿠폰을 준다. 현장의 리듬하이브 GM과...,앙코르 공연,https://www.kmib.co.kr/article/view.asp?arcid=9000021067&cp=nv,https://www.kmib.co.kr/article/view.asp?arcid=9000021067&cp=nv,https://n.news.naver.com/mnews/article/005/0001877616?sid=105,kmib.co.kr,NAVER 뉴스 검색,N/A,아일릿,REVIEW_REQUIRED,DATE_NOT_FOUND,아일릿,1,,,naver_news,,2575bef1780afcc87ff06303,2026-10-09T11:28:04.771487+09:00
8286f13232a030d49793cb7a,03be712c91469b14898dc60d,NAVER_NEWS,JYP,GOT7,GOT7,got7,CONCERT,NEW_EVENT,71,3,2026-10-08T16:35:00+09:00,"갓세븐 JAY B·마크·뱀뱀, 방콕 라이브 전석 매진→공연 개최 확정","JAY B·마크·뱀뱀, 방콕 라이브 전석 매진→공연 확정",,,,NONE,,,N,방콕,,"그룹 갓세븐(GOT7) 멤버 JAY B, 마크, 뱀뱀이 태국 방콕 팬들의 가슴을 뛰게 만들었다. JAY B, 마크, 뱀뱀은... 색깔이 담긴 솔로 퍼포먼스뿐 아니라 세 사람이 꾸미는 갓세븐 스페셜 스테이지를 선보일 예정이다.",공연 개최,https://www.etnews.com/20261008000317,https://www.etnews.com/20261008000317,https://n.news.naver.com/mnews/article/030/0003473564?sid=103,etnews.com,NAVER 뉴스 검색,N/A,갓세븐,REVIEW_REQUIRED,DATE_NOT_FOUND,갓세븐,1,,,naver_news,,8286f13232a030d49793cb7a,2026-10-09T11:28:04.771487+09:00
